--
-- PostgreSQL database dump
--

-- Dumped from database version 14.9 (Ubuntu 14.9-0ubuntu0.22.04.1)
-- Dumped by pg_dump version 14.9 (Ubuntu 14.9-0ubuntu0.22.04.1)

SET statement_timeout = 0;
SET lock_timeout = 0;
SET idle_in_transaction_session_timeout = 0;
SET client_encoding = 'UTF8';
SET standard_conforming_strings = on;
SELECT pg_catalog.set_config('search_path', '', false);
SET check_function_bodies = false;
SET xmloption = content;
SET client_min_messages = warning;
SET row_security = off;

SET default_tablespace = '';

SET default_table_access_method = heap;

--
-- Name: auth_group; Type: TABLE; Schema: public; Owner: django
--

CREATE TABLE public.auth_group (
    id integer NOT NULL,
    name character varying(150) NOT NULL
);


ALTER TABLE public.auth_group OWNER TO django;

--
-- Name: auth_group_id_seq; Type: SEQUENCE; Schema: public; Owner: django
--

ALTER TABLE public.auth_group ALTER COLUMN id ADD GENERATED BY DEFAULT AS IDENTITY (
    SEQUENCE NAME public.auth_group_id_seq
    START WITH 1
    INCREMENT BY 1
    NO MINVALUE
    NO MAXVALUE
    CACHE 1
);


--
-- Name: auth_group_permissions; Type: TABLE; Schema: public; Owner: django
--

CREATE TABLE public.auth_group_permissions (
    id bigint NOT NULL,
    group_id integer NOT NULL,
    permission_id integer NOT NULL
);


ALTER TABLE public.auth_group_permissions OWNER TO django;

--
-- Name: auth_group_permissions_id_seq; Type: SEQUENCE; Schema: public; Owner: django
--

ALTER TABLE public.auth_group_permissions ALTER COLUMN id ADD GENERATED BY DEFAULT AS IDENTITY (
    SEQUENCE NAME public.auth_group_permissions_id_seq
    START WITH 1
    INCREMENT BY 1
    NO MINVALUE
    NO MAXVALUE
    CACHE 1
);


--
-- Name: auth_permission; Type: TABLE; Schema: public; Owner: django
--

CREATE TABLE public.auth_permission (
    id integer NOT NULL,
    name character varying(255) NOT NULL,
    content_type_id integer NOT NULL,
    codename character varying(100) NOT NULL
);


ALTER TABLE public.auth_permission OWNER TO django;

--
-- Name: auth_permission_id_seq; Type: SEQUENCE; Schema: public; Owner: django
--

ALTER TABLE public.auth_permission ALTER COLUMN id ADD GENERATED BY DEFAULT AS IDENTITY (
    SEQUENCE NAME public.auth_permission_id_seq
    START WITH 1
    INCREMENT BY 1
    NO MINVALUE
    NO MAXVALUE
    CACHE 1
);


--
-- Name: auth_user; Type: TABLE; Schema: public; Owner: django
--

CREATE TABLE public.auth_user (
    id integer NOT NULL,
    password character varying(128) NOT NULL,
    last_login timestamp with time zone,
    is_superuser boolean NOT NULL,
    username character varying(150) NOT NULL,
    first_name character varying(150) NOT NULL,
    last_name character varying(150) NOT NULL,
    email character varying(254) NOT NULL,
    is_staff boolean NOT NULL,
    is_active boolean NOT NULL,
    date_joined timestamp with time zone NOT NULL
);


ALTER TABLE public.auth_user OWNER TO django;

--
-- Name: auth_user_groups; Type: TABLE; Schema: public; Owner: django
--

CREATE TABLE public.auth_user_groups (
    id bigint NOT NULL,
    user_id integer NOT NULL,
    group_id integer NOT NULL
);


ALTER TABLE public.auth_user_groups OWNER TO django;

--
-- Name: auth_user_groups_id_seq; Type: SEQUENCE; Schema: public; Owner: django
--

ALTER TABLE public.auth_user_groups ALTER COLUMN id ADD GENERATED BY DEFAULT AS IDENTITY (
    SEQUENCE NAME public.auth_user_groups_id_seq
    START WITH 1
    INCREMENT BY 1
    NO MINVALUE
    NO MAXVALUE
    CACHE 1
);


--
-- Name: auth_user_id_seq; Type: SEQUENCE; Schema: public; Owner: django
--

ALTER TABLE public.auth_user ALTER COLUMN id ADD GENERATED BY DEFAULT AS IDENTITY (
    SEQUENCE NAME public.auth_user_id_seq
    START WITH 1
    INCREMENT BY 1
    NO MINVALUE
    NO MAXVALUE
    CACHE 1
);


--
-- Name: auth_user_user_permissions; Type: TABLE; Schema: public; Owner: django
--

CREATE TABLE public.auth_user_user_permissions (
    id bigint NOT NULL,
    user_id integer NOT NULL,
    permission_id integer NOT NULL
);


ALTER TABLE public.auth_user_user_permissions OWNER TO django;

--
-- Name: auth_user_user_permissions_id_seq; Type: SEQUENCE; Schema: public; Owner: django
--

ALTER TABLE public.auth_user_user_permissions ALTER COLUMN id ADD GENERATED BY DEFAULT AS IDENTITY (
    SEQUENCE NAME public.auth_user_user_permissions_id_seq
    START WITH 1
    INCREMENT BY 1
    NO MINVALUE
    NO MAXVALUE
    CACHE 1
);


--
-- Name: django_admin_log; Type: TABLE; Schema: public; Owner: django
--

CREATE TABLE public.django_admin_log (
    id integer NOT NULL,
    action_time timestamp with time zone NOT NULL,
    object_id text,
    object_repr character varying(200) NOT NULL,
    action_flag smallint NOT NULL,
    change_message text NOT NULL,
    content_type_id integer,
    user_id integer NOT NULL,
    CONSTRAINT django_admin_log_action_flag_check CHECK ((action_flag >= 0))
);


ALTER TABLE public.django_admin_log OWNER TO django;

--
-- Name: django_admin_log_id_seq; Type: SEQUENCE; Schema: public; Owner: django
--

ALTER TABLE public.django_admin_log ALTER COLUMN id ADD GENERATED BY DEFAULT AS IDENTITY (
    SEQUENCE NAME public.django_admin_log_id_seq
    START WITH 1
    INCREMENT BY 1
    NO MINVALUE
    NO MAXVALUE
    CACHE 1
);


--
-- Name: django_content_type; Type: TABLE; Schema: public; Owner: django
--

CREATE TABLE public.django_content_type (
    id integer NOT NULL,
    app_label character varying(100) NOT NULL,
    model character varying(100) NOT NULL
);


ALTER TABLE public.django_content_type OWNER TO django;

--
-- Name: django_content_type_id_seq; Type: SEQUENCE; Schema: public; Owner: django
--

ALTER TABLE public.django_content_type ALTER COLUMN id ADD GENERATED BY DEFAULT AS IDENTITY (
    SEQUENCE NAME public.django_content_type_id_seq
    START WITH 1
    INCREMENT BY 1
    NO MINVALUE
    NO MAXVALUE
    CACHE 1
);


--
-- Name: django_migrations; Type: TABLE; Schema: public; Owner: django
--

CREATE TABLE public.django_migrations (
    id bigint NOT NULL,
    app character varying(255) NOT NULL,
    name character varying(255) NOT NULL,
    applied timestamp with time zone NOT NULL
);


ALTER TABLE public.django_migrations OWNER TO django;

--
-- Name: django_migrations_id_seq; Type: SEQUENCE; Schema: public; Owner: django
--

ALTER TABLE public.django_migrations ALTER COLUMN id ADD GENERATED BY DEFAULT AS IDENTITY (
    SEQUENCE NAME public.django_migrations_id_seq
    START WITH 1
    INCREMENT BY 1
    NO MINVALUE
    NO MAXVALUE
    CACHE 1
);


--
-- Name: django_session; Type: TABLE; Schema: public; Owner: django
--

CREATE TABLE public.django_session (
    session_key character varying(40) NOT NULL,
    session_data text NOT NULL,
    expire_date timestamp with time zone NOT NULL
);


ALTER TABLE public.django_session OWNER TO django;

--
-- Name: form_advancepaymentsupplier; Type: TABLE; Schema: public; Owner: django
--

CREATE TABLE public.form_advancepaymentsupplier (
    inquiry_id character varying(20) NOT NULL,
    amount numeric(15,2) NOT NULL,
    currency character varying(10) NOT NULL,
    ex_rate_to_aed numeric(10,4) NOT NULL,
    payee character varying(100) NOT NULL,
    payeer character varying(100),
    beneficiary character varying(200) NOT NULL,
    country character varying(100) NOT NULL,
    origin_bank character varying(100),
    tracing_number character varying(50),
    payment_date date NOT NULL,
    payment_method character varying(50) NOT NULL,
    note text,
    supplier_id character varying(100) NOT NULL
);


ALTER TABLE public.form_advancepaymentsupplier OWNER TO django;

--
-- Name: form_balancepaymentsupplier; Type: TABLE; Schema: public; Owner: django
--

CREATE TABLE public.form_balancepaymentsupplier (
    inquiry_id character varying(20) NOT NULL,
    amount numeric(15,2) NOT NULL,
    currency character varying(10) NOT NULL,
    ex_rate_to_aed numeric(10,4) NOT NULL,
    payee character varying(100) NOT NULL,
    payeer character varying(100),
    beneficiary character varying(200) NOT NULL,
    country character varying(100) NOT NULL,
    origin_bank character varying(100),
    tracing_number character varying(50),
    payment_date date NOT NULL,
    payment_method character varying(50) NOT NULL,
    note text,
    supplier_id character varying(100) NOT NULL
);


ALTER TABLE public.form_balancepaymentsupplier OWNER TO django;

--
-- Name: form_bankguarantee; Type: TABLE; Schema: public; Owner: django
--

CREATE TABLE public.form_bankguarantee (
    inquiry_id character varying(20) NOT NULL,
    name_of_bank character varying(100) NOT NULL,
    bank_guarantee_number character varying(50) NOT NULL,
    beneficiary character varying(200) NOT NULL,
    guarantee_amount numeric(15,2) NOT NULL,
    cheque_number character varying(50) NOT NULL,
    cheque_date date NOT NULL,
    date_of_issue date NOT NULL,
    validity date NOT NULL,
    type_of_bank_guarantee character varying(50) NOT NULL,
    assign character varying(100),
    note text
);


ALTER TABLE public.form_bankguarantee OWNER TO django;

--
-- Name: form_closed; Type: TABLE; Schema: public; Owner: django
--

CREATE TABLE public.form_closed (
    inquiry_id character varying(20) NOT NULL,
    date date NOT NULL,
    closed_reason character varying(50) NOT NULL,
    note text,
    customer_id character varying(100) NOT NULL
);


ALTER TABLE public.form_closed OWNER TO django;

--
-- Name: form_commercialoffer; Type: TABLE; Schema: public; Owner: django
--

CREATE TABLE public.form_commercialoffer (
    "CommercialOffer_number" character varying(100) NOT NULL,
    inquiry_id character varying(20) NOT NULL,
    date date NOT NULL,
    manufacture character varying(100) NOT NULL,
    delivery_term character varying(100) NOT NULL,
    delivery_time character varying(100) NOT NULL,
    validity character varying(100) NOT NULL,
    total_amount double precision NOT NULL,
    currency character varying(10) NOT NULL,
    term_of_payment character varying(100) NOT NULL,
    signatory character varying(30) NOT NULL,
    assign character varying(30) NOT NULL,
    state character varying(50) NOT NULL,
    note text,
    customer_id character varying(100) NOT NULL,
    expert_id bigint NOT NULL
);


ALTER TABLE public.form_commercialoffer OWNER TO django;

--
-- Name: form_customclearance; Type: TABLE; Schema: public; Owner: django
--

CREATE TABLE public.form_customclearance (
    id bigint NOT NULL,
    custom character varying(20) NOT NULL,
    contractor character varying(100) NOT NULL,
    order_registration_number character varying(50) NOT NULL,
    invoice_number character varying(50) NOT NULL,
    packing_number character varying(50) NOT NULL,
    amount double precision NOT NULL,
    currency character varying(10) NOT NULL,
    hs_code character varying(20) NOT NULL,
    cottage_number character varying(20) NOT NULL,
    documents_send_to_bank boolean NOT NULL,
    documents_send_to_custom boolean NOT NULL,
    bank_expert character varying(100),
    shipper character varying(100) NOT NULL,
    custom_duty double precision,
    custom_vat double precision,
    contractor_cost double precision,
    note text,
    inquiry_id character varying(20) NOT NULL
);


ALTER TABLE public.form_customclearance OWNER TO django;

--
-- Name: form_customclearance_id_seq; Type: SEQUENCE; Schema: public; Owner: django
--

ALTER TABLE public.form_customclearance ALTER COLUMN id ADD GENERATED BY DEFAULT AS IDENTITY (
    SEQUENCE NAME public.form_customclearance_id_seq
    START WITH 1
    INCREMENT BY 1
    NO MINVALUE
    NO MAXVALUE
    CACHE 1
);


--
-- Name: form_customer; Type: TABLE; Schema: public; Owner: django
--

CREATE TABLE public.form_customer (
    company character varying(100) NOT NULL,
    address character varying(500) NOT NULL,
    phone_number character varying(20) NOT NULL,
    postal_code character varying(500) NOT NULL,
    economical_code character varying(20) NOT NULL,
    "national_ID" character varying(500) NOT NULL,
    note text
);


ALTER TABLE public.form_customer OWNER TO django;

--
-- Name: form_expert; Type: TABLE; Schema: public; Owner: django
--

CREATE TABLE public.form_expert (
    id bigint NOT NULL,
    name character varying(100) NOT NULL,
    email character varying(100) NOT NULL,
    phone_number character varying(20),
    city character varying(50) NOT NULL,
    "position" character varying(100) NOT NULL,
    note text,
    customer_id character varying(100) NOT NULL
);


ALTER TABLE public.form_expert OWNER TO django;

--
-- Name: form_expert_id_seq; Type: SEQUENCE; Schema: public; Owner: django
--

ALTER TABLE public.form_expert ALTER COLUMN id ADD GENERATED BY DEFAULT AS IDENTITY (
    SEQUENCE NAME public.form_expert_id_seq
    START WITH 1
    INCREMENT BY 1
    NO MINVALUE
    NO MAXVALUE
    CACHE 1
);


--
-- Name: form_financialreportforeign; Type: TABLE; Schema: public; Owner: django
--

CREATE TABLE public.form_financialreportforeign (
    inquiry_id character varying(20) NOT NULL,
    customer_payment_date date NOT NULL,
    amount_received numeric(15,2) NOT NULL,
    currency character varying(10) NOT NULL,
    exchange_rate numeric(10,4) NOT NULL,
    date_of_payment date NOT NULL,
    bank_charge_walid character varying(50) NOT NULL,
    bank_fee_customer numeric(15,2) NOT NULL,
    term_of_payment character varying(50) NOT NULL,
    cheque_no character varying(50) NOT NULL,
    bank_name character varying(100) NOT NULL,
    tracking_number character varying(50) NOT NULL,
    contact_value numeric(15,2) NOT NULL,
    buying_value numeric(15,2) NOT NULL,
    shipping_cost numeric(15,2) NOT NULL,
    commission numeric(15,2) NOT NULL,
    extra_charge numeric(15,2) NOT NULL,
    benefit numeric(15,2) NOT NULL,
    assign character varying(50) NOT NULL,
    note text,
    customer_id character varying(100) NOT NULL,
    purchase_order_id character varying(50) NOT NULL
);


ALTER TABLE public.form_financialreportforeign OWNER TO django;

--
-- Name: form_financialreportirr; Type: TABLE; Schema: public; Owner: django
--

CREATE TABLE public.form_financialreportirr (
    inquiry_id character varying(20) NOT NULL,
    customer_payment_date date NOT NULL,
    amount_received numeric(15,2) NOT NULL,
    registration_number character varying(50) NOT NULL,
    exchange_rate numeric(10,4) NOT NULL,
    bank_information text NOT NULL,
    account_number character varying(50) NOT NULL,
    term_of_payment character varying(50) NOT NULL,
    cheque_no character varying(50) NOT NULL,
    bank_of_customer character varying(100) NOT NULL,
    date_of_payment date NOT NULL,
    invoice_number character varying(50) NOT NULL,
    tracking_number character varying(50) NOT NULL,
    contact_value numeric(15,2) NOT NULL,
    buying_value numeric(15,2) NOT NULL,
    shipping_cost numeric(15,2) NOT NULL,
    custom_clearance_cost numeric(15,2) NOT NULL,
    customs_broker_salary character varying(100) NOT NULL,
    commission numeric(15,2) NOT NULL,
    registration_order_cost numeric(15,2) NOT NULL,
    extra_charge numeric(15,2) NOT NULL,
    benefit numeric(15,2) NOT NULL,
    assign character varying(50) NOT NULL,
    note text,
    customer_id character varying(100) NOT NULL,
    purchase_order_id character varying(50) NOT NULL
);


ALTER TABLE public.form_financialreportirr OWNER TO django;

--
-- Name: form_forwarder; Type: TABLE; Schema: public; Owner: django
--

CREATE TABLE public.form_forwarder (
    company_name character varying(100) NOT NULL,
    tel character varying(20) NOT NULL,
    email character varying(254) NOT NULL,
    contact_person_1 character varying(100) NOT NULL,
    contact_person_2 character varying(100),
    contact_person_3 character varying(100),
    contact_person_4 character varying(100),
    mob_number_1 character varying(20) NOT NULL,
    mob_number_2 character varying(20),
    mob_number_3 character varying(20),
    mob_number_4 character varying(20),
    address text NOT NULL,
    note text
);


ALTER TABLE public.form_forwarder OWNER TO django;

--
-- Name: form_forwarderpayment; Type: TABLE; Schema: public; Owner: django
--

CREATE TABLE public.form_forwarderpayment (
    inquiry_id character varying(20) NOT NULL,
    shipping_method character varying(10) NOT NULL,
    date date NOT NULL,
    amount numeric(15,2) NOT NULL,
    currency character varying(10) NOT NULL,
    ex_rate_to_aed numeric(10,4) NOT NULL,
    ex_rate_to_rials numeric(10,4) NOT NULL,
    payment_method character varying(50) NOT NULL,
    contact_person character varying(100),
    note text,
    forwarder_name_id character varying(100) NOT NULL
);


ALTER TABLE public.form_forwarderpayment OWNER TO django;

--
-- Name: form_inquiry; Type: TABLE; Schema: public; Owner: django
--

CREATE TABLE public.form_inquiry (
    inquiry_number character varying(20) NOT NULL,
    status character varying(50) NOT NULL,
    inquiry_type character varying(10) NOT NULL,
    date date NOT NULL,
    deadline date NOT NULL,
    email_address character varying(254) NOT NULL,
    category character varying(20) NOT NULL,
    brand character varying(100) NOT NULL,
    product_type character varying(100) NOT NULL,
    assign character varying(30) NOT NULL,
    note text,
    customer_id character varying(100) NOT NULL,
    expert_id bigint NOT NULL
);


ALTER TABLE public.form_inquiry OWNER TO django;

--
-- Name: form_orderregistration; Type: TABLE; Schema: public; Owner: django
--

CREATE TABLE public.form_orderregistration (
    registration_number character varying(20) NOT NULL,
    file_number character varying(100) NOT NULL,
    proforma_invoice_number character varying(100) NOT NULL,
    date date NOT NULL,
    expire_date date NOT NULL,
    amount numeric(10,2) NOT NULL,
    currency character varying(10) NOT NULL,
    hs_code_1 character varying(100) NOT NULL,
    hs_code_2 character varying(100),
    hs_code_3 character varying(100),
    hs_code_4 character varying(100),
    hs_code_5 character varying(100),
    bank_confirmation boolean NOT NULL,
    cbi_confirmation boolean NOT NULL,
    payment_method character varying(100) NOT NULL,
    shipper character varying(100) NOT NULL,
    exchange_office character varying(100) NOT NULL,
    payeer character varying(100),
    payment_tools_number character varying(100),
    assign character varying(100),
    note text
);


ALTER TABLE public.form_orderregistration OWNER TO django;

--
-- Name: form_orderregistration_inquiries; Type: TABLE; Schema: public; Owner: django
--

CREATE TABLE public.form_orderregistration_inquiries (
    id bigint NOT NULL,
    orderregistration_id character varying(20) NOT NULL,
    inquiry_id character varying(20) NOT NULL
);


ALTER TABLE public.form_orderregistration_inquiries OWNER TO django;

--
-- Name: form_orderregistration_inquiries_id_seq; Type: SEQUENCE; Schema: public; Owner: django
--

ALTER TABLE public.form_orderregistration_inquiries ALTER COLUMN id ADD GENERATED BY DEFAULT AS IDENTITY (
    SEQUENCE NAME public.form_orderregistration_inquiries_id_seq
    START WITH 1
    INCREMENT BY 1
    NO MINVALUE
    NO MAXVALUE
    CACHE 1
);


--
-- Name: form_purchaseorder; Type: TABLE; Schema: public; Owner: django
--

CREATE TABLE public.form_purchaseorder (
    purchase_order_number character varying(50) NOT NULL,
    purchase_order_date date NOT NULL,
    manufacture character varying(100) NOT NULL,
    qty integer NOT NULL,
    purchase_order_value double precision NOT NULL,
    delivery_time character varying(100) NOT NULL,
    delivery_term character varying(100) NOT NULL,
    term_of_payment character varying(100) NOT NULL,
    currency character varying(10) NOT NULL,
    brand character varying(100) NOT NULL,
    ordering_date_to_supplier date NOT NULL,
    supplier_delivery_term character varying(100) NOT NULL,
    supplier_term_of_payment character varying(100) NOT NULL,
    payeer character varying(50) NOT NULL,
    duration_of_contract character varying(100),
    prepayment double precision NOT NULL,
    bank_guarantee_number character varying(50) NOT NULL,
    assign character varying(30) NOT NULL,
    state character varying(50) NOT NULL,
    note text,
    customer_id character varying(100) NOT NULL,
    expert_id bigint NOT NULL,
    inquiry_id character varying(20) NOT NULL,
    supplier_id character varying(100) NOT NULL,
    CONSTRAINT form_purchaseorder_qty_check CHECK ((qty >= 0))
);


ALTER TABLE public.form_purchaseorder OWNER TO django;

--
-- Name: form_quotation; Type: TABLE; Schema: public; Owner: django
--

CREATE TABLE public.form_quotation (
    quotation_number character varying(50) NOT NULL,
    date date NOT NULL,
    brand character varying(100) NOT NULL,
    country_of_origin character varying(50) NOT NULL,
    delivery_time character varying(100),
    delivery_term character varying(100),
    total_price numeric(12,2) NOT NULL,
    currency character varying(10) NOT NULL,
    validity character varying(100) NOT NULL,
    replacement boolean NOT NULL,
    assign character varying(30) NOT NULL,
    note text,
    customer_id character varying(100) NOT NULL,
    inquiry_id character varying(20) NOT NULL,
    request_id_id character varying(10) NOT NULL,
    supplier_id character varying(100) NOT NULL
);


ALTER TABLE public.form_quotation OWNER TO django;

--
-- Name: form_requesttoquotation; Type: TABLE; Schema: public; Owner: django
--

CREATE TABLE public.form_requesttoquotation (
    request_number character varying(10) NOT NULL,
    submission_type character varying(50) NOT NULL,
    address character varying(200),
    phone_number character varying(20),
    sender_company character varying(50) NOT NULL,
    date date NOT NULL,
    note text,
    inquiry_id character varying(20) NOT NULL,
    supplier_id character varying(100) NOT NULL
);


ALTER TABLE public.form_requesttoquotation OWNER TO django;

--
-- Name: form_shipping; Type: TABLE; Schema: public; Owner: django
--

CREATE TABLE public.form_shipping (
    inquiry_id character varying(20) NOT NULL,
    consignee character varying(100) NOT NULL,
    country_of_origin character varying(100) NOT NULL,
    delivery_term character varying(100) NOT NULL,
    route character varying(100) NOT NULL,
    booking_date date NOT NULL,
    weight numeric(10,2) NOT NULL,
    dimension character varying(100) NOT NULL,
    packing character varying(100) NOT NULL,
    non_dual_use_letter boolean NOT NULL,
    tracking_number character varying(100) NOT NULL,
    ups_label character varying(100) NOT NULL,
    bill_of_lading_no character varying(100) NOT NULL,
    shipper character varying(100) NOT NULL,
    clause_transit character varying(100) NOT NULL,
    custom character varying(100) NOT NULL,
    freight_charge numeric(10,2) NOT NULL,
    term_of_payment_to_forwarder character varying(100) NOT NULL,
    invoice_number character varying(100) NOT NULL,
    assign character varying(30) NOT NULL,
    state character varying(50) NOT NULL,
    note text,
    forwarder_name_id character varying(100) NOT NULL
);


ALTER TABLE public.form_shipping OWNER TO django;

--
-- Name: form_supplier; Type: TABLE; Schema: public; Owner: django
--

CREATE TABLE public.form_supplier (
    company_name character varying(100) NOT NULL,
    email character varying(254) NOT NULL,
    website character varying(200) NOT NULL,
    contact_person character varying(100) NOT NULL,
    phone_number character varying(20) NOT NULL,
    country_of_origin character varying(50) NOT NULL,
    company_type character varying(50) NOT NULL,
    brand_no_1 character varying(100) NOT NULL,
    brand_no_2 character varying(100),
    brand_no_3 character varying(100),
    brand_no_4 character varying(100),
    brand_no_5 character varying(100),
    note text
);


ALTER TABLE public.form_supplier OWNER TO django;

--
-- Name: form_technicaloffer; Type: TABLE; Schema: public; Owner: django
--

CREATE TABLE public.form_technicaloffer (
    technical_number character varying(100) NOT NULL,
    date date NOT NULL,
    manufacture character varying(200) NOT NULL,
    delivery_term character varying(50) NOT NULL,
    assign character varying(30) NOT NULL,
    signatory character varying(30) NOT NULL,
    state character varying(50) NOT NULL,
    note text,
    customer_id character varying(100) NOT NULL,
    expert_id bigint NOT NULL,
    inquiry_id character varying(20) NOT NULL
);


ALTER TABLE public.form_technicaloffer OWNER TO django;

--
-- Data for Name: auth_group; Type: TABLE DATA; Schema: public; Owner: django
--

COPY public.auth_group (id, name) FROM stdin;
1	technical
\.


--
-- Data for Name: auth_group_permissions; Type: TABLE DATA; Schema: public; Owner: django
--

COPY public.auth_group_permissions (id, group_id, permission_id) FROM stdin;
1	1	56
2	1	53
3	1	54
4	1	55
5	1	64
6	1	85
7	1	57
8	1	58
9	1	59
10	1	60
11	1	61
12	1	62
13	1	63
14	1	25
15	1	26
16	1	27
17	1	28
18	1	29
19	1	30
20	1	31
21	1	32
22	1	33
23	1	34
24	1	35
25	1	36
26	1	37
27	1	38
28	1	39
29	1	40
30	1	41
31	1	42
32	1	43
33	1	44
34	1	65
35	1	66
36	1	67
37	1	68
38	1	69
39	1	70
40	1	71
41	1	72
42	1	73
43	1	74
44	1	75
45	1	76
46	1	77
47	1	78
48	1	79
49	1	80
50	1	81
51	1	82
52	1	83
53	1	84
54	1	86
55	1	87
56	1	88
57	1	89
58	1	90
59	1	91
60	1	92
61	1	93
62	1	94
63	1	95
64	1	96
\.


--
-- Data for Name: auth_permission; Type: TABLE DATA; Schema: public; Owner: django
--

COPY public.auth_permission (id, name, content_type_id, codename) FROM stdin;
1	Can add permission	1	add_permission
2	Can change permission	1	change_permission
3	Can delete permission	1	delete_permission
4	Can view permission	1	view_permission
5	Can add group	2	add_group
6	Can change group	2	change_group
7	Can delete group	2	delete_group
8	Can view group	2	view_group
9	Can add user	3	add_user
10	Can change user	3	change_user
11	Can delete user	3	delete_user
12	Can view user	3	view_user
13	Can add content type	4	add_contenttype
14	Can change content type	4	change_contenttype
15	Can delete content type	4	delete_contenttype
16	Can view content type	4	view_contenttype
17	Can add session	5	add_session
18	Can change session	5	change_session
19	Can delete session	5	delete_session
20	Can view session	5	view_session
21	Can add log entry	6	add_logentry
22	Can change log entry	6	change_logentry
23	Can delete log entry	6	delete_logentry
24	Can view log entry	6	view_logentry
25	Can add customer	7	add_customer
26	Can change customer	7	change_customer
27	Can delete customer	7	delete_customer
28	Can view customer	7	view_customer
29	Can add expert	8	add_expert
30	Can change expert	8	change_expert
31	Can delete expert	8	delete_expert
32	Can view expert	8	view_expert
33	Can add forwarder	9	add_forwarder
34	Can change forwarder	9	change_forwarder
35	Can delete forwarder	9	delete_forwarder
36	Can view forwarder	9	view_forwarder
37	Can add inquiry	10	add_inquiry
38	Can change inquiry	10	change_inquiry
39	Can delete inquiry	10	delete_inquiry
40	Can view inquiry	10	view_inquiry
41	Can add supplier	11	add_supplier
42	Can change supplier	11	change_supplier
43	Can delete supplier	11	delete_supplier
44	Can view supplier	11	view_supplier
45	Can add advance payment supplier	12	add_advancepaymentsupplier
46	Can change advance payment supplier	12	change_advancepaymentsupplier
47	Can delete advance payment supplier	12	delete_advancepaymentsupplier
48	Can view advance payment supplier	12	view_advancepaymentsupplier
49	Can add balance payment supplier	13	add_balancepaymentsupplier
50	Can change balance payment supplier	13	change_balancepaymentsupplier
51	Can delete balance payment supplier	13	delete_balancepaymentsupplier
52	Can view balance payment supplier	13	view_balancepaymentsupplier
53	Can add bank guarantee	14	add_bankguarantee
54	Can change bank guarantee	14	change_bankguarantee
55	Can delete bank guarantee	14	delete_bankguarantee
56	Can view bank guarantee	14	view_bankguarantee
57	Can add closed	15	add_closed
58	Can change closed	15	change_closed
59	Can delete closed	15	delete_closed
60	Can view closed	15	view_closed
61	Can add commercial offer	16	add_commercialoffer
62	Can change commercial offer	16	change_commercialoffer
63	Can delete commercial offer	16	delete_commercialoffer
64	Can view commercial offer	16	view_commercialoffer
65	Can add technical offer	17	add_technicaloffer
66	Can change technical offer	17	change_technicaloffer
67	Can delete technical offer	17	delete_technicaloffer
68	Can view technical offer	17	view_technicaloffer
69	Can add request to quotation	18	add_requesttoquotation
70	Can change request to quotation	18	change_requesttoquotation
71	Can delete request to quotation	18	delete_requesttoquotation
72	Can view request to quotation	18	view_requesttoquotation
73	Can add quotation	19	add_quotation
74	Can change quotation	19	change_quotation
75	Can delete quotation	19	delete_quotation
76	Can view quotation	19	view_quotation
77	Can add purchase order	20	add_purchaseorder
78	Can change purchase order	20	change_purchaseorder
79	Can delete purchase order	20	delete_purchaseorder
80	Can view purchase order	20	view_purchaseorder
81	Can add order registration	21	add_orderregistration
82	Can change order registration	21	change_orderregistration
83	Can delete order registration	21	delete_orderregistration
84	Can view order registration	21	view_orderregistration
85	Can add custom clearance	22	add_customclearance
86	Can change custom clearance	22	change_customclearance
87	Can delete custom clearance	22	delete_customclearance
88	Can view custom clearance	22	view_customclearance
89	Can add shipping	23	add_shipping
90	Can change shipping	23	change_shipping
91	Can delete shipping	23	delete_shipping
92	Can view shipping	23	view_shipping
93	Can add forwarder payment	24	add_forwarderpayment
94	Can change forwarder payment	24	change_forwarderpayment
95	Can delete forwarder payment	24	delete_forwarderpayment
96	Can view forwarder payment	24	view_forwarderpayment
97	Can add financial report irr	25	add_financialreportirr
98	Can change financial report irr	25	change_financialreportirr
99	Can delete financial report irr	25	delete_financialreportirr
100	Can view financial report irr	25	view_financialreportirr
101	Can add financial report foreign	26	add_financialreportforeign
102	Can change financial report foreign	26	change_financialreportforeign
103	Can delete financial report foreign	26	delete_financialreportforeign
104	Can view financial report foreign	26	view_financialreportforeign
\.


--
-- Data for Name: auth_user; Type: TABLE DATA; Schema: public; Owner: django
--

COPY public.auth_user (id, password, last_login, is_superuser, username, first_name, last_name, email, is_staff, is_active, date_joined) FROM stdin;
1	pbkdf2_sha256$600000$Fj4gm6MFgRRpF3WuF3FF3A$0KCWGbn0CDX43lw8kg5Zmh/xM5GwnPSO6ODjbng+6/4=	2023-09-09 05:59:53.249931+00	t	manager			hosseini@payanikco.com	t	t	2023-08-22 11:13:39+00
2	pbkdf2_sha256$600000$FIYcuI1IH3Imx50HKsex77$UEPHmqEQ+5hI5MA2uRtQiQ+D2Is+Ax0XEyc6fP5VxH0=	2023-09-10 08:58:16.690016+00	f	technical				t	t	2023-09-08 18:25:35+00
\.


--
-- Data for Name: auth_user_groups; Type: TABLE DATA; Schema: public; Owner: django
--

COPY public.auth_user_groups (id, user_id, group_id) FROM stdin;
1	2	1
\.


--
-- Data for Name: auth_user_user_permissions; Type: TABLE DATA; Schema: public; Owner: django
--

COPY public.auth_user_user_permissions (id, user_id, permission_id) FROM stdin;
\.


--
-- Data for Name: django_admin_log; Type: TABLE DATA; Schema: public; Owner: django
--

COPY public.django_admin_log (id, action_time, object_id, object_repr, action_flag, change_message, content_type_id, user_id) FROM stdin;
1	2023-08-28 06:44:25.613056+00	Tabriz Petrochemical Co.	Tabriz Petrochemical Co.	1	[{"added": {}}]	7	1
2	2023-08-28 06:44:41.430026+00	Tabriz Petrochemical Co.	Tabriz Petrochemical Co.	2	[]	7	1
3	2023-08-28 06:49:22.997817+00	Arak (Shahzand) Petrochemical Co.	Arak (Shahzand) Petrochemical Co.	1	[{"added": {}}]	7	1
4	2023-08-28 06:53:06.747362+00	Fajr Petrochemical co.	Fajr Petrochemical co.	1	[{"added": {}}]	7	1
5	2023-08-28 08:36:27.266628+00	1	Hasan Mohammadi	1	[{"added": {}}]	8	1
6	2023-08-28 08:37:45.461526+00	020692	020692	1	[{"added": {}}]	10	1
7	2023-08-28 08:39:35.183733+00	020692	020692	2	[]	10	1
8	2023-08-28 08:44:10.280909+00	Mr. Gray Li	Mr. Gray Li	1	[{"added": {}}]	11	1
9	2023-08-28 08:45:44.054405+00	JD90VU7NRW	020692 - Mr. Gray Li - JD90VU7NRW	1	[{"added": {}}]	18	1
10	2023-08-28 08:54:27.910161+00	JD90VU7NRW	020692 - Mr. Gray Li - JD90VU7NRW	2	[]	18	1
11	2023-08-28 08:57:32.360664+00	Automation Berlin Kunz GmbH	Automation Berlin Kunz GmbH	1	[{"added": {}}]	11	1
12	2023-08-28 08:58:18.41327+00	CGU7EJYF0U	020692 - Automation Berlin Kunz GmbH - CGU7EJYF0U	1	[{"added": {}}]	18	1
13	2023-08-28 09:01:01.777038+00	234	234	1	[{"added": {}}]	19	1
14	2023-08-28 09:03:23.46004+00	020692	020692	3		10	1
15	2023-08-28 09:13:15.163535+00	020692	020692	1	[{"added": {}}]	10	1
16	2023-08-28 09:14:31.790627+00	JPDITHW72E	020692 - Mr. Gray Li - JPDITHW72E	1	[{"added": {}}]	18	1
17	2023-08-28 09:14:52.167098+00	6SBEDCX4AB	020692 - Automation Berlin Kunz GmbH - 6SBEDCX4AB	1	[{"added": {}}]	18	1
18	2023-08-28 09:23:07.444809+00	Amir Kabir Petrochemical co.	Amir Kabir Petrochemical co.	1	[{"added": {}}]	7	1
19	2023-08-28 09:23:45.583298+00	2	Mohammad Amin Shafaei (Mr.)	1	[{"added": {}}]	8	1
20	2023-08-28 09:27:00.364717+00	0140842	0140842	1	[{"added": {}}]	10	1
21	2023-08-28 09:31:19.948034+00	Siad	Siad	1	[{"added": {}}]	11	1
22	2023-08-28 09:33:54.986781+00	CQWUOGZ7YN	0140842 - Siad - CQWUOGZ7YN	1	[{"added": {}}]	18	1
23	2023-08-28 09:36:54.921481+00	SIAD Macchine Impianti Middle East FZC | Ajman Free Zone – UAE	SIAD Macchine Impianti Middle East FZC | Ajman Free Zone – UAE	2	[{"changed": {"fields": ["Company name", "Email", "Website", "Contact person", "Phone number", "Country of origin", "Company type"]}}]	11	1
24	2023-08-28 09:37:41.183704+00	Siad	Siad	2	[]	11	1
25	2023-08-28 09:38:13.119507+00	Siad	Siad	3		11	1
26	2023-08-28 09:38:34.486642+00	0140842	0140842	2	[]	10	1
27	2023-08-28 09:40:10.062353+00	666IAKHU4K	0140842 - SIAD Macchine Impianti Middle East FZC | Ajman Free Zone – UAE - 666IAKHU4K	1	[{"added": {}}]	18	1
28	2023-08-28 10:06:19.828268+00	QME001704	QME001704	1	[{"added": {}}]	19	1
29	2023-08-28 10:21:38.540806+00	Arak (Shahzand) Petrochemical Co.	Arak (Shahzand) Petrochemical Co.	2	[{"changed": {"fields": ["Postal code"]}}]	7	1
30	2023-08-28 10:21:59.703108+00	3	Saeed Karimpour	1	[{"added": {}}]	8	1
31	2023-08-28 10:24:35.252906+00	3	Karimpour Saeed	2	[{"changed": {"fields": ["Name"]}}]	8	1
32	2023-08-28 10:25:19.535599+00	991245	991245	1	[{"added": {}}]	10	1
33	2023-08-28 10:35:31.342491+00	Robert Shaw	Robert Shaw	1	[{"added": {}}]	11	1
34	2023-08-28 10:44:06.448854+00	QANOLO51IW	991245 - Robert Shaw - QANOLO51IW	1	[{"added": {}}]	18	1
35	2023-08-28 10:49:19.591685+00	4	Jabbarzadeh	1	[{"added": {}}]	8	1
36	2023-08-28 10:50:02.609689+00	0135122	0135122	1	[{"added": {}}]	10	1
37	2023-08-28 10:52:54.344609+00	SUNAK VALVE	SUNAK VALVE	1	[{"added": {}}]	11	1
38	2023-08-28 10:54:51.942916+00	UAWSUB3C09	0135122 - SUNAK VALVE - UAWSUB3C09	1	[{"added": {}}]	18	1
39	2023-08-28 10:57:28.596565+00	020692	020692	2	[]	10	1
40	2023-08-28 10:59:50.682194+00	991245 - Q	991245 - Q	1	[{"added": {}}]	19	1
41	2023-08-28 11:06:20.227737+00	Marun Petrochemical Co	Marun Petrochemical Co	1	[{"added": {}}]	7	1
42	2023-08-28 11:07:37.137162+00	Marun Petrochemical Co	Marun Petrochemical Co	2	[]	7	1
43	2023-08-28 11:08:45.123334+00	5	Raeesi Behnaz	1	[{"added": {}}]	8	1
44	2023-08-28 11:12:00.517057+00	02068	02068	1	[{"added": {}}]	10	1
45	2023-08-28 11:17:57.240301+00	Industrial Service Solutions	Industrial Service Solutions	1	[{"added": {}}]	11	1
46	2023-08-28 12:24:27.079947+00	MXW5A8TLIO	02068 - Industrial Service Solutions - MXW5A8TLIO	1	[{"added": {}}]	18	1
47	2023-08-28 12:48:50.267776+00	6	Mr. Zahiri Rad	1	[{"added": {}}]	8	1
48	2023-08-28 12:49:23.893797+00	0246724	0246724	1	[{"added": {}}]	10	1
49	2023-08-28 12:53:01.551718+00	BARRIQUAND TECHNOLOGIES THERMIQUES	BARRIQUAND TECHNOLOGIES THERMIQUES	1	[{"added": {}}]	11	1
50	2023-08-28 12:53:31.307447+00	FPAJMW52ZO	0246724 - BARRIQUAND TECHNOLOGIES THERMIQUES - FPAJMW52ZO	1	[{"added": {}}]	18	1
51	2023-08-29 12:20:35.639814+00	7	Goodarzi Zahra	1	[{"added": {}}]	8	1
52	2023-08-29 13:50:51.071412+00	QME001704	QME001704	3		19	1
53	2023-08-29 13:51:36.651158+00	234	234	1	[{"added": {}}]	19	1
54	2023-08-29 13:52:08.707023+00	234	234	3		19	1
55	2023-08-29 13:52:23.434491+00	0140842	0140842	2	[]	10	1
56	2023-08-30 09:37:33.702996+00	Tabriz Petrochemical Co.	Tabriz Petrochemical Co.	2	[{"changed": {"fields": ["Address"]}}]	7	1
57	2023-08-30 11:24:34.660531+00	0246724	0246724	2	[{"changed": {"fields": ["Status"]}}]	10	1
58	2023-08-30 11:28:19.398286+00	020692	020692	2	[{"changed": {"fields": ["Status"]}}]	10	1
59	2023-08-30 11:34:03.102505+00	02068	02068	2	[{"changed": {"fields": ["Status"]}}]	10	1
60	2023-08-30 11:39:02.346398+00	0043084	0043084	1	[{"added": {}}]	10	1
61	2023-08-30 11:41:29.073192+00	768	768	1	[{"added": {}}]	10	1
62	2023-08-30 11:42:12.957844+00	768	768	2	[{"changed": {"fields": ["Expert", "Category"]}}]	10	1
63	2023-08-30 11:49:52.519154+00	991245	991245	2	[{"changed": {"fields": ["Status"]}}]	10	1
64	2023-08-30 11:55:11.683808+00	0135122	Pasargad - 1	1	[{"added": {}}]	14	1
65	2023-08-30 11:58:31.155507+00	Hozaifa Shakir	Hozaifa Shakir	1	[{"added": {}}]	7	1
66	2023-08-30 12:00:12.306371+00	8	Hozaifa Shakir	1	[{"added": {}}]	8	1
67	2023-08-30 12:00:49.627734+00	AL Bijjar Trading (FZC)	AL Bijjar Trading (FZC)	2	[{"changed": {"fields": ["Company"]}}]	7	1
68	2023-08-30 12:01:30.691929+00	MF2966	MF2966	1	[{"added": {}}]	10	1
69	2023-08-30 12:03:41.097865+00	0246724	0246724	2	[{"changed": {"fields": ["Status"]}}]	10	1
70	2023-08-30 12:04:24.628365+00	0246724	0246724	2	[{"changed": {"fields": ["Deadline"]}}]	10	1
71	2023-08-30 12:05:47.097617+00	991245	991245	2	[]	10	1
72	2023-08-30 12:08:30.128645+00	9	Sadegh Nasari	1	[{"added": {}}]	8	1
73	2023-08-30 12:10:07.569634+00	1	1	1	[{"added": {}}]	17	1
74	2023-08-30 12:10:47.68123+00	KAS-020413	KAS-020413	1	[{"added": {}}]	10	1
75	2023-08-30 12:22:59.882301+00	10	Sahar Ghanavati	1	[{"added": {}}]	8	1
76	2023-08-30 12:24:32.354846+00	KAS-02093	KAS-02093	1	[{"added": {}}]	10	1
77	2023-08-30 12:38:06.40704+00	MF2968	MF2968	1	[{"added": {}}]	10	1
78	2023-08-30 12:44:51.932292+00	Kavian Petrochemical Company (KPC)	Kavian Petrochemical Company (KPC)	1	[{"added": {}}]	7	1
79	2023-08-30 12:46:22.359786+00	11	Ms. Mosayebi	1	[{"added": {}}]	8	1
80	2023-08-30 12:51:17.007481+00	PKS-021593-KA	PKS-021593-KA	1	[{"added": {}}]	10	1
81	2023-08-30 13:09:28.056972+00	12	Zarkoob	1	[{"added": {}}]	8	1
82	2023-08-30 13:10:47.360317+00	020122	020122	1	[{"added": {}}]	10	1
83	2023-08-30 13:13:25.656836+00	402-35290	402-35290	1	[{"added": {}}]	17	1
84	2023-08-30 13:22:31.792488+00	4020574	4020574	1	[{"added": {}}]	10	1
85	2023-08-31 05:37:09.697413+00	Khark Petrochemical Co	Khark Petrochemical Co	1	[{"added": {}}]	7	1
86	2023-08-31 05:37:59.625778+00	13	Khark Site	1	[{"added": {}}]	8	1
87	2023-08-31 05:39:20.720112+00	05399	05399	1	[{"added": {}}]	10	1
88	2023-08-31 05:40:42.094622+00	DY4XQ8X74H	05399 - SUNAK VALVE - DY4XQ8X74H	1	[{"added": {}}]	18	1
89	2023-08-31 05:41:44.266096+00	05399	05399	2	[{"changed": {"fields": ["Brand", "Product type"]}}]	10	1
90	2023-08-31 05:44:28.497869+00	15480	15480	1	[{"added": {}}]	10	1
91	2023-08-31 05:50:13.780726+00	14	Ramezani	1	[{"added": {}}]	8	1
92	2023-08-31 05:51:27.736076+00	962576	962576	1	[{"added": {}}]	10	1
93	2023-08-31 05:55:01.462737+00	020122	020122	2	[{"changed": {"fields": ["Status"]}}]	10	1
94	2023-08-31 06:29:11.589849+00	15	Panahi	1	[{"added": {}}]	8	1
95	2023-08-31 06:30:04.767234+00	026194	026194	1	[{"added": {}}]	10	1
96	2023-08-31 07:44:00.443616+00	0140842	0140842	2	[{"changed": {"fields": ["Status"]}}]	10	1
97	2023-08-31 07:45:40.841445+00	991245	991245	2	[{"changed": {"fields": ["Status"]}}]	10	1
98	2023-08-31 07:46:14.129239+00	02068	02068	2	[{"changed": {"fields": ["Status"]}}]	10	1
99	2023-08-31 07:47:04.217685+00	0246724	0246724	2	[{"changed": {"fields": ["Status"]}}]	10	1
100	2023-08-31 07:51:13.900122+00	16	Alilou Aysan	1	[{"added": {}}]	8	1
101	2023-08-31 07:53:07.215679+00	0254099	0254099	1	[{"added": {}}]	10	1
102	2023-08-31 07:53:27.79189+00	KAS-02093	KAS-02093	2	[]	10	1
103	2023-08-31 07:56:30.276004+00	ARYASASOL POLYMER Co.	ARYASASOL POLYMER Co.	1	[{"added": {}}]	7	1
104	2023-08-31 08:00:16.024125+00	17	Asadi	1	[{"added": {}}]	8	1
105	2023-08-31 08:01:00.396835+00	74321	74321	1	[{"added": {}}]	10	1
106	2023-08-31 08:02:27.019018+00	991245	991245	2	[{"changed": {"fields": ["Date", "Deadline"]}}]	10	1
107	2023-08-31 08:03:19.585984+00	0246724	0246724	2	[{"changed": {"fields": ["Date", "Deadline"]}}]	10	1
108	2023-08-31 08:03:50.123152+00	0140842	0140842	2	[{"changed": {"fields": ["Date", "Deadline"]}}]	10	1
109	2023-08-31 08:04:20.133241+00	0254099	0254099	2	[{"changed": {"fields": ["Date", "Deadline"]}}]	10	1
110	2023-08-31 08:04:47.584369+00	02068	02068	2	[{"changed": {"fields": ["Date", "Deadline"]}}]	10	1
111	2023-08-31 08:08:11.323504+00	021322	021322	1	[{"added": {}}]	10	1
112	2023-08-31 08:11:02.466332+00	0246757	0246757	1	[{"added": {}}]	10	1
113	2023-08-31 08:53:48.593701+00	0246612	0246612	1	[{"added": {}}]	10	1
114	2023-08-31 08:54:10.907426+00	0246612	0246612	2	[]	10	1
115	2023-08-31 08:57:33.861809+00	18	Khabbaz	1	[{"added": {}}]	8	1
116	2023-08-31 08:57:58.06327+00	0047629	0047629	1	[{"added": {}}]	10	1
117	2023-08-31 09:00:59.818638+00	19	Mr. Jaberi	1	[{"added": {}}]	8	1
118	2023-08-31 09:01:27.682037+00	9946035	9946035	1	[{"added": {}}]	10	1
119	2023-08-31 09:03:42.488795+00	0143035	0143035	1	[{"added": {}}]	10	1
120	2023-08-31 09:04:21.680181+00	02068	02068	2	[]	10	1
121	2023-08-31 09:08:21.783385+00	0220111	0220111	1	[{"added": {}}]	10	1
122	2023-08-31 09:14:41.797943+00	0246753	0246753	1	[{"added": {}}]	10	1
123	2023-08-31 09:23:23.428425+00	0246752	0246752	1	[{"added": {}}]	10	1
124	2023-08-31 09:25:20.963413+00	20	Abolfathi	1	[{"added": {}}]	8	1
125	2023-08-31 09:25:49.038393+00	0220014	0220014	1	[{"added": {}}]	10	1
126	2023-08-31 09:28:58.001647+00	21	Ms. Ghaderi	1	[{"added": {}}]	8	1
127	2023-08-31 09:29:11.555425+00	21	Ms. Ghaderi	2	[{"changed": {"fields": ["Email"]}}]	8	1
128	2023-08-31 09:29:35.107359+00	76105	76105	1	[{"added": {}}]	10	1
129	2023-08-31 09:31:51.581955+00	010755	010755	1	[{"added": {}}]	10	1
130	2023-08-31 09:35:16.198055+00	9747639	9747639	1	[{"added": {}}]	10	1
131	2023-08-31 09:36:54.926276+00	22	Mr. Moammeri	1	[{"added": {}}]	8	1
132	2023-08-31 09:37:31.029398+00	0146774	0146774	1	[{"added": {}}]	10	1
133	2023-08-31 09:44:01.312741+00	20	Mr. Abolfathi	2	[{"changed": {"fields": ["Name"]}}]	8	1
134	2023-08-31 09:52:10.354771+00	0046012	0046012	1	[{"added": {}}]	10	1
135	2023-08-31 09:57:10.763472+00	021593	021593	1	[{"added": {}}]	10	1
136	2023-08-31 09:57:26.463649+00	0046012	0046012	2	[{"changed": {"fields": ["Status"]}}]	10	1
137	2023-08-31 10:02:15.714986+00	23	Mr. khodabandeh	1	[{"added": {}}]	8	1
138	2023-08-31 10:03:44.478461+00	000781	000781	1	[{"added": {}}]	10	1
139	2023-08-31 10:11:39.283012+00	011634	011634	1	[{"added": {}}]	10	1
140	2023-08-31 10:19:28.287876+00	021593	021593	2	[{"changed": {"fields": ["Inquiry number"]}}]	10	1
141	2023-08-31 10:19:44.918444+00	021593	021593	2	[{"changed": {"fields": ["Status"]}}]	10	1
142	2023-08-31 10:20:15.184251+00	PKS-021593-KA	PKS-021593-KA	3		10	1
143	2023-08-31 10:21:12.710971+00	MF2968	MF2968	2	[{"changed": {"fields": ["Status"]}}]	10	1
144	2023-08-31 10:29:39.298016+00	402-35290	402-35290	2	[]	17	1
145	2023-08-31 16:29:39.65307+00	991245	991245	2	[{"changed": {"fields": ["Date"]}}]	10	1
146	2023-08-31 16:32:04.24521+00	05399	05399	2	[{"changed": {"fields": ["Status"]}}]	10	1
147	2023-08-31 16:35:06.094681+00	Pardis Petrochemical co	Pardis Petrochemical co	1	[{"added": {}}]	7	1
148	2023-08-31 16:36:39.451972+00	24	Mr. Yaghoubi	1	[{"added": {}}]	8	1
149	2023-08-31 16:38:03.180569+00	3466	3466	1	[{"added": {}}]	10	1
150	2023-08-31 16:39:19.544869+00	9747639	9747639	2	[]	10	1
151	2023-08-31 16:41:28.668262+00	25	Ms. Saffari	1	[{"added": {}}]	8	1
152	2023-08-31 16:41:53.520253+00	011853	011853	1	[{"added": {}}]	10	1
153	2023-08-31 16:49:03.659712+00	26	Mr. Abolhasani	1	[{"added": {}}]	8	1
154	2023-08-31 16:51:23.982104+00	0042023	0042023	1	[{"added": {}}]	10	1
155	2023-08-31 16:54:41.489525+00	27	Ms. Ahmadpour	1	[{"added": {}}]	8	1
156	2023-08-31 16:55:25.10534+00	0254100	0254100	1	[{"added": {}}]	10	1
157	2023-08-31 16:59:06.348501+00	MIANDOAB PETROCHEMICAL Co	MIANDOAB PETROCHEMICAL Co	1	[{"added": {}}]	7	1
158	2023-08-31 17:00:53.850418+00	28	Ms. Shirzadeh	1	[{"added": {}}]	8	1
159	2023-08-31 17:01:31.255785+00	PM4021342	PM4021342	1	[{"added": {}}]	10	1
160	2023-08-31 17:05:50.327499+00	021669	021669	1	[{"added": {}}]	10	1
161	2023-08-31 17:09:35.258478+00	29	Mr. Yousefi	1	[{"added": {}}]	8	1
162	2023-08-31 17:09:54.708842+00	0044032	0044032	1	[{"added": {}}]	10	1
163	2023-08-31 17:13:12.40206+00	9632004	9632004	1	[{"added": {}}]	10	1
164	2023-08-31 17:21:56.514935+00	980166	980166	1	[{"added": {}}]	10	1
165	2023-08-31 17:24:43.419485+00	9847561	9847561	1	[{"added": {}}]	10	1
166	2023-08-31 17:29:30.82036+00	30	Khalifeh , Ali	1	[{"added": {}}]	8	1
167	2023-08-31 17:30:02.70052+00	95104	95104	1	[{"added": {}}]	10	1
168	2023-08-31 17:32:06.497978+00	0246057	0246057	1	[{"added": {}}]	10	1
169	2023-08-31 17:36:12.440493+00	76032	76032	1	[{"added": {}}]	10	1
170	2023-08-31 18:33:45.611054+00	31	Ms. Bagheri	1	[{"added": {}}]	8	1
171	2023-08-31 18:33:51.099551+00	0244012	0244012	1	[{"added": {}}]	10	1
172	2023-08-31 18:37:49.994123+00	32	Mr. Nasari	1	[{"added": {}}]	8	1
173	2023-08-31 18:38:27.417614+00	020413	020413	1	[{"added": {}}]	10	1
174	2023-08-31 18:43:11.120909+00	33	Mr. Simorgh	1	[{"added": {}}]	8	1
175	2023-08-31 18:44:25.768973+00	020926	020926	1	[{"added": {}}]	10	1
176	2023-08-31 18:48:01.431351+00	0246747	0246747	1	[{"added": {}}]	10	1
177	2023-08-31 18:51:00.656392+00	0247539	0247539	1	[{"added": {}}]	10	1
178	2023-08-31 18:53:25.19851+00	9847567	9847567	1	[{"added": {}}]	10	1
179	2023-08-31 18:57:37.690017+00	34	Mr. SABZEVARI , Hamid	1	[{"added": {}}]	8	1
180	2023-08-31 18:58:05.999475+00	0240092	0240092	1	[{"added": {}}]	10	1
181	2023-08-31 19:04:22.200927+00	0135912	0135912	1	[{"added": {}}]	10	1
182	2023-08-31 19:06:58.922987+00	Mahabad Petrochemical Company	Mahabad Petrochemical Company	1	[{"added": {}}]	7	1
183	2023-08-31 19:08:00.910962+00	35	Ms. Hosseini	1	[{"added": {}}]	8	1
184	2023-08-31 19:08:43.710267+00	40210670	40210670	1	[{"added": {}}]	10	1
185	2023-08-31 19:11:14.943511+00	LALEH PETROCHEMICAL Co.	LALEH PETROCHEMICAL Co.	1	[{"added": {}}]	7	1
186	2023-08-31 19:12:08.304439+00	36	Ms. Zamani,	1	[{"added": {}}]	8	1
187	2023-08-31 19:13:44.361115+00	4020088	4020088	1	[{"added": {}}]	10	1
188	2023-08-31 19:17:37.937621+00	021139	021139	1	[{"added": {}}]	10	1
189	2023-08-31 19:21:43.953073+00	37	Mr. Fazlali	1	[{"added": {}}]	8	1
190	2023-08-31 19:22:34.159907+00	73128	73128	1	[{"added": {}}]	10	1
191	2023-08-31 19:26:26.833186+00	02093	02093	1	[{"added": {}}]	10	1
192	2023-08-31 19:36:49.148219+00	38	Ms. Ghorbani,	1	[{"added": {}}]	8	1
193	2023-08-31 19:37:41.729795+00	74090	74090	1	[{"added": {}}]	10	1
194	2023-08-31 19:41:06.46139+00	0234028	0234028	1	[{"added": {}}]	10	1
195	2023-08-31 19:42:55.901165+00	20	Mr. Abolfathi	2	[{"changed": {"fields": ["Email"]}}]	8	1
196	2023-08-31 19:43:13.638135+00	20	Mr. Abolfathi	2	[{"changed": {"fields": ["Position"]}}]	8	1
197	2023-08-31 19:43:40.02482+00	0120454	0120454	1	[{"added": {}}]	10	1
198	2023-08-31 19:51:00.570599+00	Marjan Petrochemical co.	Marjan Petrochemical co.	1	[{"added": {}}]	7	1
199	2023-08-31 19:51:42.662552+00	39	Mr. Dami	1	[{"added": {}}]	8	1
200	2023-08-31 19:52:12.353477+00	40120766	40120766	1	[{"added": {}}]	10	1
201	2023-08-31 20:03:16.457021+00	KAS-02093	KAS-02093	3		10	1
202	2023-08-31 20:03:49.171442+00	KAS-020413	KAS-020413	3		10	1
203	2023-08-31 20:04:06.617233+00	021669	021669	2	[]	10	1
204	2023-08-31 20:04:14.167568+00	MF2966	MF2966	2	[]	10	1
205	2023-08-31 20:13:44.529422+00	MF2964	MF2964	1	[{"added": {}}]	10	1
206	2023-08-31 20:18:11.837049+00	40	m6.proc@tpco.ir	1	[{"added": {}}]	8	1
207	2023-08-31 20:18:37.357707+00	0244019	0244019	1	[{"added": {}}]	10	1
208	2023-08-31 20:22:22.112554+00	021358	021358	1	[{"added": {}}]	10	1
209	2023-08-31 20:25:50.961419+00	41	Hayat Gheibi , Amin	1	[{"added": {}}]	8	1
210	2023-08-31 20:26:24.63339+00	58565	58565	1	[{"added": {}}]	10	1
211	2023-08-31 20:28:53.628651+00	02447540	02447540	1	[{"added": {}}]	10	1
212	2023-08-31 20:33:16.526975+00	42	Mr. Rafiei	1	[{"added": {}}]	8	1
213	2023-08-31 20:34:00.427132+00	71318	71318	1	[{"added": {}}]	10	1
214	2023-08-31 20:41:09.401466+00	43	Mr. Shirmast	1	[{"added": {}}]	8	1
215	2023-08-31 20:41:13.241938+00	002528	002528	1	[{"added": {}}]	10	1
216	2023-08-31 20:43:36.319779+00	0146744	0146744	1	[{"added": {}}]	10	1
217	2023-08-31 20:45:35.254505+00	0234029	0234029	1	[{"added": {}}]	10	1
218	2023-08-31 20:48:31.645788+00	44	Ms. Ebadollahi , Shima	1	[{"added": {}}]	8	1
219	2023-08-31 20:49:04.119966+00	40020676	40020676	1	[{"added": {}}]	10	1
220	2023-08-31 20:53:08.167187+00	020122	020122	2	[{"changed": {"fields": ["Status"]}}]	10	1
221	2023-08-31 20:59:36.878014+00	021128	021128	1	[{"added": {}}]	10	1
222	2023-08-31 21:05:41.847011+00	0047533	0047533	1	[{"added": {}}]	10	1
223	2023-08-31 21:09:13.783972+00	0142202	0142202	1	[{"added": {}}]	10	1
224	2023-08-31 21:15:59.827412+00	45	Ms. Khojastehmanesh	1	[{"added": {}}]	8	1
225	2023-08-31 21:16:09.185723+00	4020381	4020381	1	[{"added": {}}]	10	1
226	2023-08-31 21:17:01.396358+00	4020381	4020381	2	[{"changed": {"fields": ["Date", "Deadline"]}}]	10	1
227	2023-09-01 13:39:38.987285+00	46	Mr. Kohan	1	[{"added": {}}]	8	1
228	2023-09-01 13:40:18.182396+00	15290	15290	1	[{"added": {}}]	10	1
229	2023-09-01 13:42:55.643569+00	0246056	0246056	1	[{"added": {}}]	10	1
230	2023-09-01 13:53:04.821098+00	4	Ms. Jabbarzadeh	2	[{"changed": {"fields": ["Name"]}}]	8	1
231	2023-09-01 13:53:43.727634+00	0045045	0045045	1	[{"added": {}}]	10	1
232	2023-09-01 13:57:10.516328+00	47	Mr. Shahrokhi , Ehsan	1	[{"added": {}}]	8	1
233	2023-09-01 13:57:36.623085+00	012055	012055	1	[{"added": {}}]	10	1
234	2023-09-01 14:00:34.40334+00	48	Mr. Delaviz , Payman	1	[{"added": {}}]	8	1
235	2023-09-01 14:04:47.26268+00	020517	020517	1	[{"added": {}}]	10	1
236	2023-09-01 14:16:45.622825+00	49	Mr. Fakhimifard	1	[{"added": {}}]	8	1
237	2023-09-01 14:16:50.287256+00	0043068	0043068	1	[{"added": {}}]	10	1
238	2023-09-01 14:34:31.797036+00	50	Amir Talavari	1	[{"added": {}}]	8	1
239	2023-09-01 14:35:16.397775+00	990963	990963	1	[{"added": {}}]	10	1
240	2023-09-01 14:40:30.015772+00	4020268	4020268	1	[{"added": {}}]	10	1
241	2023-09-01 14:54:21.597045+00	75991	75991	1	[{"added": {}}]	10	1
242	2023-09-01 14:59:07.340978+00	51	Saeid Soltani	1	[{"added": {}}]	8	1
243	2023-09-01 14:59:41.47485+00	76525	76525	1	[{"added": {}}]	10	1
244	2023-09-01 15:02:26.270117+00	Damavand  PC	Damavand  PC	1	[{"added": {}}]	7	1
245	2023-09-01 15:03:32.567082+00	52	Mr. fallah	1	[{"added": {}}]	8	1
246	2023-09-01 15:03:58.936794+00	40140-505	40140-505	1	[{"added": {}}]	10	1
247	2023-09-01 17:46:36.146455+00	53	Mr. Karimpour , Saeid	1	[{"added": {}}]	8	1
248	2023-09-01 17:46:49.622296+00	972121	972121	1	[{"added": {}}]	10	1
249	2023-09-01 17:49:29.396004+00	54	MS. Safari, Fatemeh	1	[{"added": {}}]	8	1
250	2023-09-01 17:50:05.665349+00	76293	76293	1	[{"added": {}}]	10	1
251	2023-09-01 17:52:55.365758+00	55	Mr. Ramezani	1	[{"added": {}}]	8	1
252	2023-09-01 17:53:29.244619+00	002375	002375	1	[{"added": {}}]	10	1
253	2023-09-01 17:57:41.739385+00	0246755	0246755	1	[{"added": {}}]	10	1
254	2023-09-01 18:00:52.384896+00	Jam Petrochemical Company	Jam Petrochemical Company	1	[{"added": {}}]	7	1
255	2023-09-01 18:01:45.205475+00	56	Mr. MASHI , MOSTAFA	1	[{"added": {}}]	8	1
256	2023-09-01 18:02:36.751237+00	4020466	4020466	1	[{"added": {}}]	10	1
257	2023-09-01 18:04:26.205463+00	9847561	9847561	2	[{"changed": {"fields": ["Status"]}}]	10	1
258	2023-09-01 18:07:04.124032+00	011492	011492	1	[{"added": {}}]	10	1
259	2023-09-01 18:08:27.565553+00	0234029	0234029	2	[{"changed": {"fields": ["Status"]}}]	10	1
260	2023-09-01 18:14:16.885761+00	57	Mr. Aladaghloo, Bagher	1	[{"added": {}}]	8	1
261	2023-09-01 18:15:20.777509+00	75183	75183	1	[{"added": {}}]	10	1
262	2023-09-01 18:35:20.948264+00	0247541	0247541	1	[{"added": {}}]	10	1
263	2023-09-01 18:54:30.972126+00	40210372	40210372	1	[{"added": {}}]	10	1
264	2023-09-01 19:21:41.699469+00	58	Mr. Ramezanzadeh	1	[{"added": {}}]	8	1
265	2023-09-01 19:22:01.533128+00	0242030	0242030	1	[{"added": {}}]	10	1
266	2023-09-01 19:23:46.54092+00	17	Ms. Asadi	2	[{"changed": {"fields": ["Name"]}}]	8	1
267	2023-09-01 19:23:54.5953+00	17	Ms. Asadi	2	[]	8	1
268	2023-09-01 19:24:19.784906+00	74920	74920	1	[{"added": {}}]	10	1
269	2023-09-01 19:27:18.099949+00	59	Mr. Emamhasani	1	[{"added": {}}]	8	1
270	2023-09-01 19:27:42.579781+00	0131516	0131516	1	[{"added": {}}]	10	1
271	2023-09-01 19:32:14.896217+00	58	Mr. Ramezanzadeh	2	[]	8	1
272	2023-09-01 19:32:25.768989+00	0142084	0142084	1	[{"added": {}}]	10	1
273	2023-09-01 19:43:26.402821+00	021137	021137	1	[{"added": {}}]	10	1
274	2023-09-01 19:45:50.584191+00	wahdatindustrial	wahdatindustrial	1	[{"added": {}}]	7	1
275	2023-09-01 19:46:38.871277+00	60	Mr. Ghomeshi, Reza	1	[{"added": {}}]	8	1
276	2023-09-01 19:46:57.211863+00	14642	14642	1	[{"added": {}}]	10	1
277	2023-09-01 19:49:02.790179+00	61	Mr.  Najafi, Mohammad	1	[{"added": {}}]	8	1
278	2023-09-01 19:49:36.223603+00	5056	5056	1	[{"added": {}}]	10	1
279	2023-09-01 19:51:22.424927+00	28	Ms. Shirzadeh , Masoumenh	2	[{"changed": {"fields": ["Name"]}}]	8	1
280	2023-09-01 19:51:41.815653+00	4021398	4021398	1	[{"added": {}}]	10	1
281	2023-09-01 19:54:26.40962+00	15	Mr. Panahi	2	[{"changed": {"fields": ["Name"]}}]	8	1
282	2023-09-01 19:54:41.378291+00	15	Mr. Panahi , Kamran	2	[{"changed": {"fields": ["Name"]}}]	8	1
283	2023-09-01 19:54:54.22606+00	021206	021206	1	[{"added": {}}]	10	1
284	2023-09-02 06:03:12.303082+00	768	768	2	[]	10	1
285	2023-09-02 06:17:54.946024+00	972121	972121	2	[]	10	1
286	2023-09-02 06:23:31.687667+00	57	Mr. Aladaghloo, Bagher	2	[{"changed": {"fields": ["Email"]}}]	8	1
287	2023-09-02 06:24:07.889736+00	76033	76033	1	[{"added": {}}]	10	1
288	2023-09-02 06:26:34.750276+00	20	Mr. Abolfathi	2	[]	8	1
289	2023-09-02 06:26:50.717925+00	0245916	0245916	1	[{"added": {}}]	10	1
290	2023-09-02 06:27:25.079068+00	0245916	0245916	2	[]	10	1
291	2023-09-02 06:32:23.781446+00	62	Mohammad Shahab Karbalaeian	1	[{"added": {}}]	8	1
292	2023-09-02 06:32:53.321018+00	62	Mohammad Shahab Karbalaeian	2	[]	8	1
293	2023-09-02 06:33:44.219783+00	002801	002801	1	[{"added": {}}]	10	1
294	2023-09-02 06:37:12.709551+00	63	Seyed Sadra Seyed Ghasemi	1	[{"added": {}}]	8	1
295	2023-09-02 06:37:46.250434+00	001620	001620	1	[{"added": {}}]	10	1
296	2023-09-02 06:39:50.613235+00	001620	001620	2	[]	10	1
297	2023-09-02 06:45:02.695841+00	64	Seyedeh Shadfar Pourpanah	1	[{"added": {}}]	8	1
298	2023-09-02 06:45:21.019387+00	5522	5522	1	[{"added": {}}]	10	1
299	2023-09-02 06:48:37.891197+00	65	Mohamad Hasan Mohabat Doost	1	[{"added": {}}]	8	1
300	2023-09-02 06:49:22.945263+00	011139	011139	1	[{"added": {}}]	10	1
301	2023-09-02 06:52:21.479832+00	66	Abdorahimi	1	[{"added": {}}]	8	1
302	2023-09-02 06:52:50.099461+00	020330	020330	1	[{"added": {}}]	10	1
303	2023-09-02 06:55:38.906978+00	67	Parisa Asadi	1	[{"added": {}}]	8	1
304	2023-09-02 06:55:55.957629+00	74706	74706	1	[{"added": {}}]	10	1
305	2023-09-02 07:12:07.054702+00	PARS PETROCHEMICAL Co.	PARS PETROCHEMICAL Co.	1	[{"added": {}}]	7	1
306	2023-09-02 07:23:57.99721+00	Saman Express	Saman Express	1	[{"added": {}}]	9	1
307	2023-09-02 07:24:01.591712+00	68	Mr. Milani	1	[{"added": {}}]	8	1
308	2023-09-02 07:24:16.239589+00	140040392	140040392	1	[{"added": {}}]	10	1
309	2023-09-02 07:28:24.890141+00	Karapost	Karapost	1	[{"added": {}}]	9	1
310	2023-09-02 07:32:12.189878+00	Perse International Forwarding Co.	Perse International Forwarding Co.	1	[{"added": {}}]	9	1
311	2023-09-02 07:37:26.936878+00	013287	013287	1	[{"added": {}}]	10	1
312	2023-09-02 08:28:34.016225+00	021234	021234	1	[{"added": {}}]	10	1
313	2023-09-02 08:41:15.474177+00	05399	05399	2	[{"changed": {"fields": ["Status"]}}]	10	1
314	2023-09-02 08:58:51.610225+00	69	Mr. Afzali , Behrooz	1	[{"added": {}}]	8	1
315	2023-09-02 09:11:25.687658+00	14252	14252	1	[{"added": {}}]	10	1
316	2023-09-02 09:12:41.722165+00	Arman Express	Arman Express	1	[{"added": {}}]	9	1
317	2023-09-02 09:13:05.084161+00	Arman Express	Arman Express	2	[{"changed": {"fields": ["Note"]}}]	9	1
318	2023-09-02 09:16:06.721458+00	Arman Express	Arman Express	2	[{"changed": {"fields": ["Note"]}}]	9	1
319	2023-09-02 09:23:02.719055+00	Skynet	Skynet	1	[{"added": {}}]	9	1
320	2023-09-02 09:25:35.980767+00	14252	14252	2	[{"changed": {"fields": ["Status"]}}]	10	1
321	2023-09-02 09:43:02.813562+00	70	Esmaeil Raeeszadeh	1	[{"added": {}}]	8	1
322	2023-09-02 09:44:18.194849+00	0145951	0145951	1	[{"added": {}}]	10	1
323	2023-09-02 09:45:08.801496+00	0245916	0245916	2	[]	10	1
324	2023-09-02 10:23:51.402631+00	002801	002801	2	[{"changed": {"fields": ["Status"]}}]	10	1
325	2023-09-02 10:31:59.432622+00	011139	011139	2	[]	10	1
326	2023-09-02 10:33:15.182708+00	020692	020692	2	[{"changed": {"fields": ["Status"]}}]	10	1
327	2023-09-02 10:39:00.799157+00	020692	020692	2	[]	10	1
328	2023-09-02 10:49:26.331941+00	021234	021234	2	[{"changed": {"fields": ["Status"]}}]	10	1
329	2023-09-02 11:02:22.540021+00	0045045	0045045	2	[{"changed": {"fields": ["Status", "Date", "Deadline"]}}]	10	1
330	2023-09-02 11:07:43.243795+00	0145951	Shipping object (0145951)	1	[{"added": {}}]	23	1
331	2023-09-02 11:24:27.689638+00	0036178	0036178	1	[{"added": {}}]	10	1
332	2023-09-02 11:32:37.159859+00	31	Pegah Bagheri	2	[{"changed": {"fields": ["Name"]}}]	8	1
333	2023-09-02 11:34:18.46452+00	0133019	0133019	1	[{"added": {}}]	10	1
334	2023-09-02 11:38:03.865506+00	0240092	0240092	2	[{"changed": {"fields": ["Status"]}}]	10	1
335	2023-09-02 11:41:39.969559+00	0145951	Shipping object (0145951)	2	[{"changed": {"fields": ["Note"]}}]	23	1
336	2023-09-02 11:44:08.376911+00	962576	962576	2	[{"changed": {"fields": ["Status"]}}]	10	1
337	2023-09-02 11:44:51.158308+00	Johnson Controls -JCI-Dubai	Johnson Controls -JCI-Dubai	1	[{"added": {}}]	11	1
338	2023-09-02 11:45:38.811829+00	71	Hamid Banaei	1	[{"added": {}}]	8	1
339	2023-09-02 11:47:33.231116+00	4013224	4013224	1	[{"added": {}}]	10	1
340	2023-09-02 11:47:54.750074+00	980166	980166	2	[{"changed": {"fields": ["Date", "Deadline", "Note"]}}]	10	1
341	2023-09-02 11:55:04.302066+00	4013224	Shipping object (4013224)	1	[{"added": {}}]	23	1
342	2023-09-02 12:11:26.882343+00	972121	972121	2	[{"changed": {"fields": ["Status"]}}]	10	1
343	2023-09-02 12:55:48.19178+00	0046012	0046012	2	[{"changed": {"fields": ["Status"]}}]	10	1
344	2023-09-02 12:58:06.216193+00	PM4021342	PM4021342	2	[{"changed": {"fields": ["Status"]}}]	10	1
345	2023-09-02 12:59:48.544535+00	402-35317	402-35317	1	[{"added": {}}]	17	1
346	2023-09-02 13:01:53.751224+00	962576	962576	2	[{"changed": {"fields": ["Status"]}}]	10	1
347	2023-09-02 13:08:39.881517+00	9847561	9847561	2	[{"changed": {"fields": ["Status"]}}]	10	1
348	2023-09-02 13:25:35.760555+00	15290	15290	2	[{"changed": {"fields": ["Status"]}}]	10	1
349	2023-09-03 06:01:01.659856+00	9847561	9847561	2	[{"changed": {"fields": ["Date"]}}]	10	1
350	2023-09-03 06:19:08.032351+00	012055	012055	2	[{"changed": {"fields": ["Status", "Note"]}}]	10	1
351	2023-09-03 06:20:26.301123+00	0240092	0240092	2	[{"changed": {"fields": ["Status"]}}]	10	1
352	2023-09-03 06:21:57.686992+00	MF2966	MF2966	2	[{"changed": {"fields": ["Status"]}}]	10	1
353	2023-09-03 06:47:33.047075+00	72	Mr. Yazdani	1	[{"added": {}}]	8	1
354	2023-09-03 06:48:41.562681+00	000377	000377	1	[{"added": {}}]	10	1
355	2023-09-03 07:06:10.415883+00	012700	012700	1	[{"added": {}}]	10	1
356	2023-09-03 07:14:02.739758+00	15290	15290	2	[{"changed": {"fields": ["Date"]}}]	10	1
357	2023-09-03 07:23:33.475943+00	27	Ms. Ahmadpour	2	[]	8	1
358	2023-09-03 07:25:27.377798+00	0254100	0254100	2	[{"changed": {"fields": ["Status", "Date"]}}]	10	1
359	2023-09-03 07:27:04.471844+00	0234029	0234029	2	[{"changed": {"fields": ["Status", "Date"]}}]	10	1
360	2023-09-03 07:29:35.825623+00	0043068	0043068	2	[{"changed": {"fields": ["Status", "Date"]}}]	10	1
361	2023-09-03 07:52:28.830229+00	012700	CommercialOffer object (012700)	1	[{"added": {}}]	16	1
362	2023-09-03 07:54:08.775583+00	012700	012700	2	[]	10	1
363	2023-09-03 07:59:07.791708+00	0246747	0246747	2	[{"changed": {"fields": ["Status", "Date"]}}]	10	1
364	2023-09-03 08:01:26.36678+00	991245	991245	2	[]	10	1
365	2023-09-03 08:03:58.888528+00	0142084	0142084	2	[{"changed": {"fields": ["Status"]}}]	10	1
366	2023-09-03 08:04:41.842151+00	012700	012700	2	[]	10	1
367	2023-09-03 08:14:09.285957+00	012700	012700	2	[{"changed": {"fields": ["Status", "Date"]}}]	10	1
368	2023-09-03 09:03:05.394072+00	4020056	4020056	1	[{"added": {}}]	10	1
369	2023-09-03 09:09:20.625984+00	0047629	0047629	2	[{"changed": {"fields": ["Status", "Date"]}}]	10	1
370	2023-09-03 09:09:52.985389+00	40210670	40210670	2	[]	10	1
371	2023-09-03 09:10:31.412801+00	0047629	0047629	2	[{"changed": {"fields": ["Status"]}}]	10	1
372	2023-09-03 09:11:14.330908+00	020692	020692	2	[{"changed": {"fields": ["Note"]}}]	10	1
373	2023-09-03 09:11:49.758997+00	0246615	0246615	1	[{"added": {}}]	10	1
374	2023-09-03 09:39:04.031106+00	15480	15480	2	[]	10	1
375	2023-09-03 09:40:45.764933+00	0246767	0246767	1	[{"added": {}}]	10	1
376	2023-09-03 10:21:32.613057+00	73	M.H  Abdolrahimi	1	[{"added": {}}]	8	1
377	2023-09-03 10:22:06.638206+00	992220	992220	1	[{"added": {}}]	10	1
378	2023-09-03 11:05:44.037706+00	4020056	4020056	2	[]	10	1
379	2023-09-03 11:07:59.990994+00	0244016	0244016	1	[{"added": {}}]	10	1
380	2023-09-03 11:09:27.706605+00	74	Khosroshahi	1	[{"added": {}}]	8	1
381	2023-09-03 11:10:01.279566+00	75	Azadeh Soleymani	1	[{"added": {}}]	8	1
382	2023-09-03 11:10:38.721258+00	75	Azadeh Soleymani	2	[{"changed": {"fields": ["Email"]}}]	8	1
383	2023-09-03 11:12:49.596195+00	002551	002551	1	[{"added": {}}]	10	1
384	2023-09-03 12:26:25.611844+00	0142103	0142103	1	[{"added": {}}]	10	1
385	2023-09-03 12:27:58.107931+00	29	Mr. Yousefi	2	[]	8	1
386	2023-09-03 12:28:17.79745+00	9743214	9743214	1	[{"added": {}}]	10	1
387	2023-09-03 12:37:08.742818+00	0243034	0243034	1	[{"added": {}}]	10	1
388	2023-09-03 12:38:28.22027+00	0254111	0254111	1	[{"added": {}}]	10	1
389	2023-09-03 12:38:39.605587+00	0254111	0254111	2	[{"changed": {"fields": ["Status"]}}]	10	1
390	2023-09-03 12:40:35.931363+00	58565	58565	2	[]	10	1
391	2023-09-03 12:40:48.641456+00	992220	992220	2	[{"changed": {"fields": ["Status"]}}]	10	1
392	2023-09-03 12:44:10.732943+00	76	Mr. nader sarkhabi	1	[{"added": {}}]	8	1
393	2023-09-03 12:44:45.392126+00	0244023	0244023	1	[{"added": {}}]	10	1
394	2023-09-03 12:46:37.092397+00	4020056	4020056	2	[{"changed": {"fields": ["Status"]}}]	10	1
395	2023-09-03 12:47:00.101392+00	0246767	0246767	2	[{"changed": {"fields": ["Status"]}}]	10	1
396	2023-09-03 12:48:18.607824+00	0246615	0246615	2	[{"changed": {"fields": ["Status"]}}]	10	1
397	2023-09-03 12:49:00.408791+00	021669	021669	2	[{"changed": {"fields": ["Status", "Date"]}}]	10	1
398	2023-09-03 12:50:13.28033+00	0036178	0036178	2	[{"changed": {"fields": ["Status", "Date"]}}]	10	1
399	2023-09-03 12:51:09.080112+00	9847563	9847563	1	[{"added": {}}]	10	1
400	2023-09-03 12:54:48.853347+00	000377	000377	2	[{"changed": {"fields": ["Status", "Date"]}}]	10	1
401	2023-09-03 13:06:43.39091+00	02093	02093	2	[{"changed": {"fields": ["Date"]}}]	10	1
402	2023-09-03 13:07:16.574047+00	4021398	4021398	2	[{"changed": {"fields": ["Date"]}}]	10	1
403	2023-09-03 13:08:39.554262+00	58565	58565	2	[{"changed": {"fields": ["Date"]}}]	10	1
404	2023-09-03 13:11:32.232058+00	77	Ms. Balal Zadeh, Leila	1	[{"added": {}}]	8	1
405	2023-09-03 13:11:39.734113+00	77	Ms. Balal Zadeh, Leila	2	[]	8	1
406	2023-09-03 13:12:00.175424+00	990192	990192	1	[{"added": {}}]	10	1
407	2023-09-03 13:29:58.991518+00	012055	012055	2	[{"changed": {"fields": ["Status", "Date"]}}]	10	1
408	2023-09-03 13:33:35.084903+00	0246763	0246763	1	[{"added": {}}]	10	1
409	2023-09-03 13:36:14.154688+00	0246766	0246766	1	[{"added": {}}]	10	1
410	2023-09-03 13:36:46.101605+00	78	Mr. Barati,	1	[{"added": {}}]	8	1
411	2023-09-03 13:37:20.999648+00	4013746	4013746	1	[{"added": {}}]	10	1
412	2023-09-04 06:44:25.924116+00	02447540	02447540	2	[{"changed": {"fields": ["Status", "Date"]}}]	10	1
413	2023-09-04 07:33:42.792876+00	40020676	40020676	2	[{"changed": {"fields": ["Status", "Date", "Deadline"]}}]	10	1
414	2023-09-04 07:36:22.757514+00	79	Mr. Gholami	1	[{"added": {}}]	8	1
415	2023-09-04 07:36:37.379804+00	140140284	140140284	1	[{"added": {}}]	10	1
416	2023-09-04 07:37:14.229411+00	000377	000377	2	[{"changed": {"fields": ["Note"]}}]	10	1
417	2023-09-04 07:37:44.553137+00	76033	76033	2	[{"changed": {"fields": ["Status"]}}]	10	1
418	2023-09-04 07:40:21.457109+00	0246757	0246757	2	[{"changed": {"fields": ["Status", "Date", "Deadline"]}}]	10	1
419	2023-09-04 08:09:14.114724+00	40020676	40020676	2	[]	10	1
420	2023-09-04 08:09:41.891442+00	0247541	0247541	2	[{"changed": {"fields": ["Status", "Note"]}}]	10	1
421	2023-09-04 08:40:22.357189+00	PWS-011911	PWS-011911	1	[{"added": {}}]	10	1
422	2023-09-04 09:25:18.546936+00	012834	012834	1	[{"added": {}}]	10	1
423	2023-09-04 09:34:53.422954+00	011911	011911	2	[{"changed": {"fields": ["Inquiry number", "Status"]}}]	10	1
424	2023-09-04 09:35:15.222128+00	PWS-011911	PWS-011911	3		10	1
425	2023-09-04 09:35:23.566954+00	011911	011911	2	[]	10	1
426	2023-09-04 10:55:03.740424+00	80	Seyed Majid Askari	1	[{"added": {}}]	8	1
427	2023-09-04 10:55:53.765063+00	992267	992267	1	[{"added": {}}]	10	1
428	2023-09-04 10:56:01.428206+00	81	Mr. Khabbaz	1	[{"added": {}}]	8	1
429	2023-09-04 10:56:23.84706+00	0247540	0247540	1	[{"added": {}}]	10	1
430	2023-09-04 11:00:38.594068+00	0244023	0244023	2	[{"changed": {"fields": ["Status", "Date"]}}]	10	1
431	2023-09-04 11:03:55.164964+00	0235056	0235056	1	[{"added": {}}]	10	1
432	2023-09-04 11:07:48.829322+00	0246056	0246056	2	[{"changed": {"fields": ["Status"]}}]	10	1
433	2023-09-04 11:24:12.8886+00	0220014	0220014	2	[{"changed": {"fields": ["Status", "Date"]}}]	10	1
434	2023-09-04 11:24:53.266374+00	0220014	0220014	2	[{"changed": {"fields": ["Status"]}}]	10	1
435	2023-09-04 11:56:44.394736+00	01002	01002	1	[{"added": {}}]	10	1
436	2023-09-04 12:06:07.540153+00	020517	020517	2	[{"changed": {"fields": ["Status", "Date"]}}]	10	1
437	2023-09-04 12:07:42.479051+00	0247540	0247540	2	[{"changed": {"fields": ["Status"]}}]	10	1
438	2023-09-04 12:08:36.434365+00	02447540	02447540	2	[{"changed": {"fields": ["Status"]}}]	10	1
439	2023-09-04 12:10:28.082855+00	0244023	0244023	2	[{"changed": {"fields": ["Status"]}}]	10	1
440	2023-09-04 12:11:59.323005+00	0235056	0235056	2	[{"changed": {"fields": ["Status"]}}]	10	1
441	2023-09-04 12:23:43.012786+00	0246056	0246056	2	[]	10	1
442	2023-09-04 12:24:48.02544+00	0244022	0244022	1	[{"added": {}}]	10	1
443	2023-09-04 12:31:10.753366+00	9632004	9632004	2	[{"changed": {"fields": ["Status"]}}]	10	1
444	2023-09-05 06:11:01.912748+00	76598	76598	1	[{"added": {}}]	10	1
445	2023-09-05 06:11:49.978423+00	992267	992267	2	[{"changed": {"fields": ["Status"]}}]	10	1
446	2023-09-05 06:12:02.318548+00	76598	76598	2	[{"changed": {"fields": ["Status"]}}]	10	1
447	2023-09-05 06:12:13.42673+00	0244022	0244022	2	[{"changed": {"fields": ["Status"]}}]	10	1
448	2023-09-05 06:12:15.168119+00	0246773	0246773	1	[{"added": {}}]	10	1
449	2023-09-05 06:22:06.644104+00	010828	010828	1	[{"added": {}}]	10	1
450	2023-09-05 06:48:22.148729+00	76298	76298	1	[{"added": {}}]	10	1
451	2023-09-05 06:51:26.965395+00	82	Mr. Mousavi	1	[{"added": {}}]	8	1
452	2023-09-05 06:51:48.567065+00	6066	6066	1	[{"added": {}}]	10	1
453	2023-09-05 07:15:05.800668+00	4760	4760	1	[{"added": {}}]	10	1
454	2023-09-05 08:19:10.982597+00	83	Behnam Ghanavati	1	[{"added": {}}]	8	1
455	2023-09-05 08:36:58.276818+00	020047	020047	1	[{"added": {}}]	10	1
456	2023-09-05 08:41:09.673637+00	0142202	0142202	2	[{"changed": {"fields": ["Date", "Deadline"]}}]	10	1
457	2023-09-05 08:42:18.251021+00	0254099	0254099	2	[{"changed": {"fields": ["Status"]}}]	10	1
458	2023-09-05 08:43:35.420608+00	0246056	0246056	2	[{"changed": {"fields": ["Status"]}}]	10	1
459	2023-09-05 09:00:32.508155+00	4020170	4020170	1	[{"added": {}}]	10	1
460	2023-09-05 09:28:38.017383+00	15531	15531	1	[{"added": {}}]	10	1
461	2023-09-05 09:31:00.267814+00	15268	15268	1	[{"added": {}}]	10	1
462	2023-09-05 09:55:28.290026+00	INOTEC UK	INOTEC UK	1	[{"added": {}}]	11	1
463	2023-09-05 09:55:38.035673+00	HCX9NFYXH1	020047 - INOTEC UK - HCX9NFYXH1	1	[{"added": {}}]	18	1
464	2023-09-05 10:29:28.288657+00	402-35349	402-35349	1	[{"added": {}}]	17	1
465	2023-09-05 10:36:50.649825+00	01005	01005	1	[{"added": {}}]	10	1
466	2023-09-05 10:45:07.996478+00	4020310	4020310	1	[{"added": {}}]	10	1
467	2023-09-05 10:48:34.687596+00	4020056	4020056	2	[{"changed": {"fields": ["Status"]}}]	10	1
468	2023-09-05 10:52:19.45882+00	84	Mr. AZARANG	1	[{"added": {}}]	8	1
469	2023-09-05 10:52:49.132844+00	140130449	140130449	1	[{"added": {}}]	10	1
470	2023-09-05 11:05:11.551255+00	4020449	4020449	1	[{"added": {}}]	10	1
471	2023-09-05 11:07:29.170535+00	4020449	CommercialOffer object (4020449)	1	[{"added": {}}]	16	1
472	2023-09-05 11:17:03.006313+00	PROVAL	PROVAL	1	[{"added": {}}]	11	1
473	2023-09-05 11:46:15.070575+00	140246071	140246071	1	[{"added": {}}]	10	1
474	2023-09-05 11:53:37.487893+00	Industrialzone	Industrialzone	1	[{"added": {}}]	11	1
475	2023-09-05 11:54:50.491274+00	0244024	0244024	1	[{"added": {}}]	10	1
476	2023-09-05 11:59:15.692809+00	DP Valves Spare Ltd	DP Valves Spare Ltd	1	[{"added": {}}]	11	1
477	2023-09-05 12:03:42.788889+00	0243082	0243082	1	[{"added": {}}]	10	1
478	2023-09-05 12:09:59.406086+00	0243076	0243076	1	[{"added": {}}]	10	1
479	2023-09-05 12:12:16.70109+00	021498	021498	1	[{"added": {}}]	10	1
480	2023-09-05 12:15:36.149624+00	0233013	0233013	1	[{"added": {}}]	10	1
481	2023-09-05 12:16:18.333275+00	Q4GEDZINNC	0233013 - Mr. Gray Li - Q4GEDZINNC	1	[{"added": {}}]	18	1
482	2023-09-05 12:41:33.898604+00	Valve parts USA	Valve parts USA	1	[{"added": {}}]	11	1
483	2023-09-05 12:46:40.073376+00	992267	992267	2	[]	10	1
484	2023-09-05 13:00:32.847229+00	0246757	0246757	2	[{"changed": {"fields": ["Status"]}}]	10	1
485	2023-09-05 13:36:58.39655+00	0146744	0146744	2	[{"changed": {"fields": ["Status"]}}]	10	1
486	2023-09-05 16:50:47.493661+00	ZAGROS PETROCHEMICAL Co.	ZAGROS PETROCHEMICAL Co.	1	[{"added": {}}]	7	1
487	2023-09-05 16:51:24.733845+00	85	Mr. Siahpoosh	1	[{"added": {}}]	8	1
488	2023-09-05 16:51:40.694073+00	01570019	01570019	1	[{"added": {}}]	10	1
489	2023-09-06 09:11:10.644523+00	0243076	0243076	2	[{"changed": {"fields": ["Status"]}}]	10	1
490	2023-09-06 09:11:43.177052+00	0233013	0233013	2	[{"changed": {"fields": ["Status", "Date"]}}]	10	1
491	2023-09-06 09:12:01.381883+00	0243076	0243076	2	[{"changed": {"fields": ["Date"]}}]	10	1
492	2023-09-06 09:16:33.496824+00	021669	021669	2	[{"changed": {"fields": ["Status", "Date"]}}]	10	1
493	2023-09-06 09:26:38.584469+00	76598	76598	2	[{"changed": {"fields": ["Status", "Date"]}}]	10	1
494	2023-09-06 09:30:43.074407+00	0246057	0246057	2	[{"changed": {"fields": ["Status", "Date"]}}]	10	1
495	2023-09-06 09:39:15.985345+00	Blu Zac a division of STEELTRADE S.r.l.	Blu Zac a division of STEELTRADE S.r.l.	1	[{"added": {}}]	11	1
496	2023-09-06 09:48:03.878882+00	SAPAG VALVE	SAPAG VALVE	1	[{"added": {}}]	11	1
497	2023-09-06 09:57:29.150052+00	020047	020047	2	[{"changed": {"fields": ["Status", "Date"]}}]	10	1
498	2023-09-06 09:58:29.082757+00	0246763	0246763	2	[{"changed": {"fields": ["Status", "Date"]}}]	10	1
499	2023-09-06 10:01:26.327695+00	0135912	0135912	2	[{"changed": {"fields": ["Status", "Date"]}}]	10	1
500	2023-09-06 10:26:40.109112+00	0240092	0240092	2	[{"changed": {"fields": ["Status", "Date"]}}]	10	1
501	2023-09-06 10:28:30.770469+00	0246767	0246767	2	[{"changed": {"fields": ["Note"]}}]	10	1
502	2023-09-06 10:37:32.963381+00	86	Mr. Momeni	1	[{"added": {}}]	8	1
503	2023-09-06 10:37:58.466012+00	010831	010831	1	[{"added": {}}]	10	1
504	2023-09-06 10:48:49.878235+00	990192	990192	2	[{"changed": {"fields": ["Status", "Date"]}}]	10	1
505	2023-09-06 10:50:25.540976+00	0246766	0246766	2	[{"changed": {"fields": ["Status", "Date"]}}]	10	1
506	2023-09-06 10:53:11.545826+00	87	Alidadi	1	[{"added": {}}]	8	1
507	2023-09-06 10:53:47.525084+00	020925	020925	1	[{"added": {}}]	10	1
508	2023-09-06 10:55:56.231522+00	0244012	0244012	2	[{"changed": {"fields": ["Note"]}}]	10	1
509	2023-09-06 10:56:54.821261+00	0244019	0244019	2	[{"changed": {"fields": ["Status", "Date"]}}]	10	1
510	2023-09-06 10:59:23.980034+00	88	Mr. Gidfar	1	[{"added": {}}]	8	1
511	2023-09-06 10:59:43.803951+00	140140088	140140088	1	[{"added": {}}]	10	1
512	2023-09-06 11:05:41.31775+00	020241	020241	1	[{"added": {}}]	10	1
513	2023-09-06 11:06:50.269823+00	01005	01005	2	[{"changed": {"fields": ["Status"]}}]	10	1
514	2023-09-06 11:11:16.735066+00	01002	01002	2	[{"changed": {"fields": ["Status", "Date"]}}]	10	1
515	2023-09-06 11:18:46.532656+00	9943079	9943079	1	[{"added": {}}]	10	1
516	2023-09-06 11:20:23.985759+00	020241	020241	2	[{"changed": {"fields": ["Status"]}}]	10	1
517	2023-09-06 11:22:13.284916+00	9936090	9936090	1	[{"added": {}}]	10	1
518	2023-09-06 11:25:04.765984+00	9847563	9847563	2	[{"changed": {"fields": ["Status"]}}]	10	1
519	2023-09-07 06:47:29.612044+00	000377	000377	2	[{"changed": {"fields": ["Status", "Date"]}}]	10	1
520	2023-09-07 06:52:46.925814+00	DAC Simotech B.V.	DAC Simotech B.V.	1	[{"added": {}}]	11	1
521	2023-09-07 06:54:10.09623+00	7JQ188LJB3	000377 - DAC Simotech B.V. - 7JQ188LJB3	1	[{"added": {}}]	18	1
522	2023-09-07 06:55:05.209727+00	S3O4NLG457	0246057 - Mr. Gray Li - S3O4NLG457	1	[{"added": {}}]	18	1
523	2023-09-07 06:55:38.389078+00	CKIE9MUTR6	021669 - Mr. Gray Li - CKIE9MUTR6	1	[{"added": {}}]	18	1
524	2023-09-07 06:56:06.045121+00	GK9O0CJYIP	0233013 - Mr. Gray Li - GK9O0CJYIP	1	[{"added": {}}]	18	1
525	2023-09-07 06:56:42.839383+00	Y7BB4LN32X	0243076 - Mr. Gray Li - Y7BB4LN32X	1	[{"added": {}}]	18	1
526	2023-09-07 06:57:21.022103+00	9ZZ485FFR6	0240092 - Mr. Gray Li - 9ZZ485FFR6	1	[{"added": {}}]	18	1
527	2023-09-07 06:58:14.146187+00	GY71RQV5SA	40020676 - Mr. Gray Li - GY71RQV5SA	1	[{"added": {}}]	18	1
528	2023-09-07 07:10:44.51398+00	SRIYAM VENTURES	SRIYAM VENTURES	1	[{"added": {}}]	11	1
529	2023-09-07 07:11:31.721752+00	FJVFZC7105	990192 - SRIYAM VENTURES - FJVFZC7105	1	[{"added": {}}]	18	1
530	2023-09-07 07:15:43.340811+00	011492	011492	2	[{"changed": {"fields": ["Status", "Date", "Deadline"]}}]	10	1
531	2023-09-07 07:21:16.926784+00	IYYM EPS FZE	IYYM EPS FZE	1	[{"added": {}}]	11	1
532	2023-09-07 07:30:19.333476+00	011492	011492	2	[]	10	1
533	2023-09-07 07:33:05.798571+00	76293	76293	2	[{"changed": {"fields": ["Status"]}}]	10	1
534	2023-09-07 07:41:52.999775+00	Fives Pillard	Fives Pillard	1	[{"added": {}}]	11	1
535	2023-09-07 07:47:10.558848+00	011492	011492	1	[{"added": {}}]	13	1
536	2023-09-07 07:54:41.650369+00	MONILEK OILFIELD ENTERPRISES	MONILEK OILFIELD ENTERPRISES	1	[{"added": {}}]	11	1
537	2023-09-07 07:57:14.046834+00	011492	011492	2	[]	13	1
538	2023-09-07 07:58:48.798017+00	Narin East Cargo (NEC Iran)	Narin East Cargo (NEC Iran)	1	[{"added": {}}]	9	1
539	2023-09-07 08:10:23.900998+00	768	Shipping object (768)	1	[{"added": {}}]	23	1
540	2023-09-07 08:10:46.766521+00	4013224	Shipping object (4013224)	2	[{"changed": {"fields": ["Note"]}}]	23	1
541	2023-09-07 08:19:19.085459+00	7Skynet	7Skynet	1	[{"added": {}}]	9	1
542	2023-09-07 08:21:45.337752+00	9843059	9843059	1	[{"added": {}}]	10	1
543	2023-09-07 08:23:50.530844+00	9843059	PurchaseOrder object (9843059)	1	[{"added": {}}]	20	1
544	2023-09-08 08:38:52.561616+00	4012490	4012490	1	[{"added": {}}]	10	1
545	2023-09-08 08:41:13.818636+00	widaco General Trading L.L.C	widaco General Trading L.L.C	1	[{"added": {}}]	11	1
546	2023-09-08 08:56:57.407436+00	0243082	0243082	2	[{"changed": {"fields": ["Status", "Date"]}}]	10	1
547	2023-09-08 18:08:14.885775+00	1	Hasan Mohammadi	2	[]	8	1
548	2023-09-08 18:13:24.83026+00	MF2968	MF2968	2	[{"changed": {"fields": ["Status"]}}]	10	1
549	2023-09-08 18:13:48.783435+00	MF2968	MF2968	2	[{"changed": {"fields": ["Status"]}}]	10	1
550	2023-09-08 18:21:44.646848+00	1	technical	1	[{"added": {}}]	2	1
551	2023-09-08 18:22:08.165925+00	1	technical	2	[{"changed": {"fields": ["Permissions"]}}]	2	1
552	2023-09-08 18:23:28.984257+00	1	technical	2	[{"changed": {"fields": ["Permissions"]}}]	2	1
553	2023-09-08 18:25:36.673999+00	2	technical	1	[{"added": {}}]	3	1
554	2023-09-08 18:26:17.029334+00	2	technical	2	[{"changed": {"fields": ["Staff status", "Groups"]}}]	3	1
555	2023-09-08 18:27:48.35093+00	1	manager	2	[{"changed": {"fields": ["Email address"]}}]	3	1
556	2023-09-09 05:23:10.058321+00	9943079	9943079	2	[]	10	2
557	2023-09-09 06:03:08.957284+00	140140286	140140286	1	[{"added": {}}]	10	1
558	2023-09-09 06:12:11.052913+00	002375	002375	2	[]	10	1
559	2023-09-09 06:13:09.824929+00	002375	002375	2	[]	10	1
560	2023-09-09 07:01:26.973652+00	S3G43HJA5D	002375 - SRIYAM VENTURES - S3G43HJA5D	1	[{"added": {}}]	18	1
561	2023-09-09 07:04:53.307092+00	F0IW6VWTBQ	011911 - SRIYAM VENTURES - F0IW6VWTBQ	1	[{"added": {}}]	18	1
562	2023-09-09 07:49:57.576934+00	40020676	40020676	2	[{"changed": {"fields": ["Status"]}}]	10	1
563	2023-09-09 07:51:37.325943+00	402-35374	402-35374	1	[{"added": {}}]	17	1
564	2023-09-09 07:54:48.962366+00	0140838	0140838	1	[{"added": {}}]	10	1
565	2023-09-09 08:13:00.15152+00	89	Kharazi خرازی	1	[{"added": {}}]	8	1
566	2023-09-09 08:26:33.288818+00	402-35378	402-35378	1	[{"added": {}}]	17	1
567	2023-09-09 08:30:03.069686+00	0254099	0254099	2	[{"changed": {"fields": ["Status"]}}]	10	1
568	2023-09-09 08:31:36.688396+00	402-35379	402-35379	1	[{"added": {}}]	17	1
569	2023-09-09 08:32:12.474152+00	0254099	0254099	2	[{"changed": {"fields": ["Status"]}}]	10	1
570	2023-09-09 08:36:41.542676+00	0243082	0243082	2	[{"changed": {"fields": ["Status"]}}]	10	1
571	2023-09-09 08:38:36.392567+00	402-35380	402-35380	1	[{"added": {}}]	17	1
572	2023-09-09 08:55:49.033357+00	4020381	4020381	2	[{"changed": {"fields": ["Status"]}}]	10	1
573	2023-09-09 09:01:23.424197+00	402-35382	402-35382	1	[{"added": {}}]	17	1
574	2023-09-09 11:55:27.749216+00	140130449	140130449	2	[{"changed": {"fields": ["Status", "Date", "Assign"]}}]	10	2
655	2023-09-12 09:03:24.873688+00	93	Ms. Monshizadeh	1	[{"added": {}}]	8	1
575	2023-09-09 11:58:38.989737+00	9743214	9743214	2	[{"changed": {"fields": ["Status", "Date", "Assign"]}}]	10	2
576	2023-09-09 11:59:15.169963+00	140130449	140130449	2	[]	10	2
577	2023-09-09 12:29:58.340395+00	0243080	0243080	1	[{"added": {}}]	10	2
578	2023-09-09 12:31:26.846474+00	9943079	9943079	2	[{"changed": {"fields": ["Status"]}}]	10	2
579	2023-09-09 12:38:20.999811+00	991245	991245	2	[{"changed": {"fields": ["Status", "Date", "Deadline"]}}]	10	1
580	2023-09-09 13:00:28.103847+00	0240092	0240092	2	[]	10	1
581	2023-09-09 13:02:06.366574+00	402-35387	402-35387	1	[{"added": {}}]	17	1
582	2023-09-09 13:05:51.68792+00	402-35381	402-35381	1	[{"added": {}}]	17	1
583	2023-09-09 13:06:28.553571+00	021669	021669	2	[{"changed": {"fields": ["Status"]}}]	10	1
584	2023-09-09 13:06:57.517181+00	0244012	0244012	2	[{"changed": {"fields": ["Status"]}}]	10	1
585	2023-09-09 13:08:27.544739+00	0233013	0233013	2	[{"changed": {"fields": ["Status"]}}]	10	1
586	2023-09-09 13:14:56.778861+00	402-35383	402-35383	1	[{"added": {}}]	17	1
587	2023-09-09 13:15:26.75017+00	0243076	0243076	2	[{"changed": {"fields": ["Status"]}}]	10	1
588	2023-09-09 13:27:26.274421+00	QILD8922NE	95104 - SRIYAM VENTURES - QILD8922NE	1	[{"added": {}}]	18	1
589	2023-09-10 08:58:01.34645+00	40	Nader Sorkhabi	2	[{"changed": {"fields": ["Name"]}}]	8	2
590	2023-09-10 09:22:10.158229+00	401-35371	401-35371	1	[{"added": {}}]	17	1
591	2023-09-10 09:23:06.706249+00	990192	990192	2	[{"changed": {"fields": ["Status"]}}]	10	1
592	2023-09-10 09:24:49.471192+00	9847563	9847563	2	[{"changed": {"fields": ["Status"]}}]	10	1
593	2023-09-10 09:26:15.374053+00	402-35372	402-35372	1	[{"added": {}}]	17	1
594	2023-09-10 09:27:47.281879+00	76598	76598	2	[{"changed": {"fields": ["Status"]}}]	10	1
595	2023-09-10 09:29:06.637143+00	402-35386	402-35386	1	[{"added": {}}]	17	1
596	2023-09-10 09:29:58.02472+00	0246766	0246766	2	[{"changed": {"fields": ["Status"]}}]	10	1
597	2023-09-10 09:31:00.507213+00	402-35385	402-35385	1	[{"added": {}}]	17	1
598	2023-09-10 09:33:28.526332+00	0246057	0246057	2	[{"changed": {"fields": ["Status"]}}]	10	1
599	2023-09-10 09:43:42.499725+00	401-35391	401-35391	1	[{"added": {}}]	17	1
600	2023-09-10 09:44:31.613835+00	0244019	0244019	2	[{"changed": {"fields": ["Status"]}}]	10	1
601	2023-09-10 09:47:27.229808+00	0240092	0240092	2	[{"changed": {"fields": ["Status"]}}]	10	1
602	2023-09-10 09:54:19.37426+00	020047	020047	2	[{"changed": {"fields": ["Status"]}}]	10	1
603	2023-09-10 09:55:42.513161+00	402-35390	402-35390	1	[{"added": {}}]	17	1
604	2023-09-10 09:58:53.824637+00	0135912	0135912	2	[{"changed": {"fields": ["Status"]}}]	10	1
605	2023-09-10 11:44:52.156486+00	90	MS.NOURI	1	[{"added": {}}]	8	2
606	2023-09-10 11:46:09.835219+00	0242036	0242036	1	[{"added": {}}]	10	2
607	2023-09-11 05:42:12.781967+00	40010204	40010204	1	[{"added": {}}]	10	2
608	2023-09-11 05:48:51.561896+00	021741	021741	1	[{"added": {}}]	10	2
609	2023-09-11 05:52:33.627173+00	021667	021667	1	[{"added": {}}]	10	2
610	2023-09-11 06:14:10.114593+00	0242036	0242036	2	[]	10	1
611	2023-09-11 06:14:22.154035+00	0246763	0246763	2	[{"changed": {"fields": ["Status"]}}]	10	1
612	2023-09-11 06:21:39.064824+00	05399	05399	2	[{"changed": {"fields": ["Status", "Note"]}}]	10	2
613	2023-09-11 06:28:11.722051+00	0246615	0246615	2	[{"changed": {"fields": ["Note"]}}]	10	1
614	2023-09-11 06:28:32.705389+00	0243075	0243075	1	[{"added": {}}]	10	2
615	2023-09-11 07:02:42.334938+00	002551	002551	2	[{"changed": {"fields": ["Status", "Note"]}}]	10	1
616	2023-09-11 07:07:16.50271+00	0242042	0242042	1	[{"added": {}}]	10	1
617	2023-09-11 07:13:52.533003+00	000377	000377	2	[{"changed": {"fields": ["Status"]}}]	10	1
618	2023-09-11 07:15:11.561045+00	402-35393	402-35393	1	[{"added": {}}]	17	1
619	2023-09-11 08:07:46.266037+00	0246615	0246615	2	[{"changed": {"fields": ["Status", "Date", "Deadline"]}}]	10	1
620	2023-09-11 08:19:42.659507+00	0243080	0243080	2	[{"changed": {"fields": ["Status"]}}]	10	1
621	2023-09-11 09:07:25.398847+00	0234028	0234028	2	[{"changed": {"fields": ["Status"]}}]	10	1
622	2023-09-11 09:08:17.338993+00	76598	76598	2	[{"changed": {"fields": ["Inquiry number", "Status"]}}]	10	2
623	2023-09-11 09:09:01.194607+00	76298	76298	3		10	2
624	2023-09-11 09:09:26.998231+00	402-35401	402-35401	1	[{"added": {}}]	17	1
625	2023-09-11 10:13:30.459651+00	012325	012325	1	[{"added": {}}]	10	1
626	2023-09-11 10:18:08.319036+00	002551	002551	2	[{"changed": {"fields": ["Status", "Note"]}}]	10	1
627	2023-09-11 10:24:54.797329+00	15268	15268	2	[{"changed": {"fields": ["Status"]}}]	10	1
628	2023-09-11 10:28:05.940784+00	0246783	0246783	1	[{"added": {}}]	10	1
629	2023-09-11 10:33:45.104064+00	4021398	4021398	2	[{"changed": {"fields": ["Status"]}}]	10	1
630	2023-09-11 10:48:29.925311+00	91	Mohabat Doost	1	[{"added": {}}]	8	1
631	2023-09-11 10:49:04.507089+00	981035	981035	1	[{"added": {}}]	10	1
632	2023-09-11 10:57:14.518192+00	010828	010828	2	[{"changed": {"fields": ["Status"]}}]	10	1
633	2023-09-11 10:57:57.679847+00	26353	26353	1	[{"added": {}}]	10	1
634	2023-09-11 10:58:08.835171+00	26353	26353	2	[{"changed": {"fields": ["Status"]}}]	10	1
635	2023-09-11 10:58:19.843135+00	26353	26353	2	[]	10	1
636	2023-09-11 11:12:04.189514+00	012325	012325	2	[]	10	1
637	2023-09-11 12:21:41.322701+00	4020466	4020466	2	[{"changed": {"fields": ["Status"]}}]	10	1
638	2023-09-11 12:45:20.56032+00	KAS-981035	KAS-981035	1	[{"added": {}}]	10	2
639	2023-09-11 12:55:00.327608+00	010828	010828	2	[{"changed": {"fields": ["Status"]}}]	10	1
640	2023-09-11 12:56:11.577177+00	402-35407	402-35407	1	[{"added": {}}]	17	1
641	2023-09-11 13:21:15.386947+00	4021398	4021398	2	[{"changed": {"fields": ["Status"]}}]	10	1
642	2023-09-11 13:28:03.360579+00	402-35404	402-35404	1	[{"added": {}}]	17	1
643	2023-09-12 05:25:43.777542+00	0246615	0246615	2	[{"changed": {"fields": ["Status", "Date", "Deadline"]}}]	10	2
644	2023-09-12 05:44:18.788735+00	92	Mr. Akbari	1	[{"added": {}}]	8	1
645	2023-09-12 05:44:21.017231+00	140030588	140030588	1	[{"added": {}}]	10	1
646	2023-09-12 06:04:14.203739+00	0254111	0254111	2	[{"changed": {"fields": ["Status"]}}]	10	1
647	2023-09-12 06:07:35.149029+00	01570019	01570019	2	[{"changed": {"fields": ["Status", "Date", "Assign"]}}]	10	2
648	2023-09-12 06:15:08.711181+00	0042099	0042099	1	[{"added": {}}]	10	1
649	2023-09-12 06:17:24.263847+00	15121	15121	1	[{"added": {}}]	10	1
650	2023-09-12 06:17:34.242718+00	15121	15121	2	[{"changed": {"fields": ["Status"]}}]	10	1
651	2023-09-12 06:41:07.956731+00	0043080	0043080	1	[{"added": {}}]	10	1
652	2023-09-12 07:15:23.825532+00	0042099	0042099	2	[{"changed": {"fields": ["Status", "Assign"]}}]	10	2
653	2023-09-12 07:27:19.507197+00	0243080	0243080	2	[{"changed": {"fields": ["Status"]}}]	10	1
654	2023-09-12 07:43:07.822107+00	991245	991245	2	[{"changed": {"fields": ["Status", "Date", "Assign"]}}]	10	2
656	2023-09-12 09:03:45.017958+00	0140808	0140808	1	[{"added": {}}]	10	1
657	2023-09-12 10:37:25.584743+00	petra energy	petra energy	1	[{"added": {}}]	7	2
658	2023-09-12 10:38:38.595738+00	94	Sayanth Nair	1	[{"added": {}}]	8	2
659	2023-09-12 10:39:20.146974+00	2300000219	2300000219	1	[{"added": {}}]	10	2
660	2023-09-12 11:08:51.912853+00	76032	76032	2	[]	10	1
661	2023-09-12 11:12:00.581419+00	0245006	0245006	1	[{"added": {}}]	10	1
662	2023-09-12 11:17:36.252261+00	PKS021537KA	PKS021537KA	1	[{"added": {}}]	10	2
663	2023-09-12 11:54:12.045501+00	95	Malihe Baniasad	1	[{"added": {}}]	8	2
664	2023-09-12 11:56:56.588053+00	021605	021605	1	[{"added": {}}]	10	2
665	2023-09-12 11:59:00.867857+00	021538	021538	1	[{"added": {}}]	10	2
666	2023-09-12 12:01:23.325054+00	021673	021673	1	[{"added": {}}]	10	2
667	2023-09-12 13:14:10.813805+00	Mobin Petrochemical co.	Mobin Petrochemical co.	1	[{"added": {}}]	7	1
668	2023-09-12 13:15:18.939793+00	96	Mr. Dehghan	1	[{"added": {}}]	8	1
669	2023-09-12 13:15:33.053116+00	0130669	0130669	1	[{"added": {}}]	10	1
670	2023-09-12 13:18:28.691265+00	0243080	0243080	2	[{"changed": {"fields": ["Status", "Inquiry type", "Date"]}}]	10	1
671	2023-09-12 13:20:13.152504+00	402-35419	402-35419	1	[{"added": {}}]	17	1
672	2023-09-12 13:23:16.163512+00	021538	021538	2	[{"changed": {"fields": ["Status"]}}]	10	1
673	2023-09-12 13:23:35.268992+00	021605	021605	2	[{"changed": {"fields": ["Status"]}}]	10	1
674	2023-09-12 13:24:08.111403+00	021673	021673	2	[{"changed": {"fields": ["Status"]}}]	10	1
675	2023-09-13 05:35:05.075127+00	021667	021667	2	[{"changed": {"fields": ["Status"]}}]	10	2
676	2023-09-13 05:35:51.721784+00	021741	021741	2	[{"changed": {"fields": ["Status"]}}]	10	2
677	2023-09-13 05:36:57.311336+00	0243075	0243075	2	[{"changed": {"fields": ["Status"]}}]	10	2
678	2023-09-13 05:37:20.151313+00	0246783	0246783	2	[{"changed": {"fields": ["Status"]}}]	10	2
679	2023-09-13 05:38:03.235891+00	9943079	9943079	2	[{"changed": {"fields": ["Status"]}}]	10	2
680	2023-09-13 05:39:20.604402+00	40010204	40010204	2	[{"changed": {"fields": ["Status"]}}]	10	2
681	2023-09-13 05:39:59.142581+00	KAS-981035	KAS-981035	2	[{"changed": {"fields": ["Status"]}}]	10	2
682	2023-09-13 05:40:42.274731+00	PKS021537KA	PKS021537KA	2	[{"changed": {"fields": ["Status"]}}]	10	2
683	2023-09-13 06:30:48.291048+00	0246755	0246755	2	[{"changed": {"fields": ["Status"]}}]	10	2
684	2023-09-13 06:45:51.134058+00	0044034	0044034	1	[{"added": {}}]	10	1
685	2023-09-13 06:48:42.749707+00	02020	02020	1	[{"added": {}}]	10	1
686	2023-09-13 06:49:16.520114+00	02020	02020	2	[{"changed": {"fields": ["Brand"]}}]	10	1
687	2023-09-13 06:51:39.879593+00	ASA Alberto	ASA Alberto	1	[{"added": {}}]	11	1
688	2023-09-13 06:52:15.707856+00	OGAV42E7EZ	02020 - ASA Alberto - OGAV42E7EZ	1	[{"added": {}}]	18	1
689	2023-09-13 06:52:40.057917+00	OGAV42E7EZ	02020 - ASA Alberto - OGAV42E7EZ	2	[]	18	1
690	2023-09-13 06:55:01.86625+00	97	Ghadami	1	[{"added": {}}]	8	1
691	2023-09-13 07:01:18.216294+00	010936	010936	1	[{"added": {}}]	10	1
692	2023-09-13 07:03:46.222587+00	SIEX – GRUPO KOMTES	SIEX – GRUPO KOMTES	1	[{"added": {}}]	11	1
693	2023-09-13 07:05:26.764816+00	3ECDMB46LG	010936 - SIEX – GRUPO KOMTES - 3ECDMB46LG	1	[{"added": {}}]	18	1
694	2023-09-13 07:08:03.617176+00	0246782	0246782	1	[{"added": {}}]	10	1
695	2023-09-13 07:12:08.451676+00	Rittal Company	Rittal Company	1	[{"added": {}}]	11	1
696	2023-09-13 07:20:03.996395+00	4020381	4020381	2	[{"changed": {"fields": ["Status", "Date", "Assign"]}}]	10	2
697	2023-09-13 07:26:08.087611+00	0154048	0154048	1	[{"added": {}}]	10	1
698	2023-09-13 08:01:43.118158+00	012834	012834	2	[]	10	1
699	2023-09-13 08:32:34.309902+00	PWS-021169	PWS-021169	1	[{"added": {}}]	10	2
700	2023-09-13 08:35:10.748629+00	98	Mohammad Reza Eshghi	1	[{"added": {}}]	8	2
701	2023-09-13 08:36:11.61412+00	021516	021516	1	[{"added": {}}]	10	2
702	2023-09-13 11:04:50.890129+00	8WS0AQ1EWO	0243075 - Mr. Gray Li - 8WS0AQ1EWO	1	[{"added": {}}]	18	1
703	2023-09-13 11:06:08.119868+00	MV147RBWIB	01005 - Valve parts USA - MV147RBWIB	1	[{"added": {}}]	18	2
704	2023-09-13 11:11:35.686614+00	MKZ7S1U1SH	021605 - Automation Berlin Kunz GmbH - MKZ7S1U1SH	1	[{"added": {}}]	18	2
705	2023-09-13 11:12:20.587239+00	O07HJZN63C	021673 - Automation Berlin Kunz GmbH - O07HJZN63C	1	[{"added": {}}]	18	2
706	2023-09-13 11:13:20.191561+00	RLJSAE6S7D	021538 - Automation Berlin Kunz GmbH - RLJSAE6S7D	1	[{"added": {}}]	18	2
707	2023-09-13 11:31:00.787407+00	011400	011400	1	[{"added": {}}]	10	1
708	2023-09-13 11:34:57.238899+00	021538	021538	2	[{"changed": {"fields": ["Status"]}}]	10	1
709	2023-09-13 11:36:46.618707+00	402-35429	402-35429	1	[{"added": {}}]	17	1
710	2023-09-13 11:42:44.23125+00	021673	021673	2	[{"changed": {"fields": ["Status"]}}]	10	1
711	2023-09-13 11:45:50.4655+00	021605	021605	2	[{"changed": {"fields": ["Status"]}}]	10	1
712	2023-09-13 11:48:54.721834+00	402-35432	402-35432	1	[{"added": {}}]	17	1
713	2023-09-13 11:54:50.319251+00	99	Mr. Alijani	1	[{"added": {}}]	8	1
714	2023-09-13 12:09:04.029213+00	0243006	0243006	1	[{"added": {}}]	10	1
715	2023-09-13 12:14:44.638267+00	56	Mr. MASHI , MOSTAFA	2	[]	8	1
716	2023-09-13 12:14:49.722718+00	4020466	4020466	2	[{"changed": {"fields": ["Status"]}}]	10	1
717	2023-09-13 12:15:24.726379+00	26353	26353	2	[{"changed": {"fields": ["Status"]}}]	10	1
718	2023-09-13 12:17:49.419899+00	15268	15268	2	[{"changed": {"fields": ["Status"]}}]	10	1
719	2023-09-13 12:21:59.639982+00	0254111	0254111	2	[{"changed": {"fields": ["Status"]}}]	10	1
720	2023-09-13 12:23:26.811043+00	402-35418	402-35418	1	[{"added": {}}]	17	1
721	2023-09-13 12:25:25.64133+00	0243075	0243075	2	[{"changed": {"fields": ["Status"]}}]	10	1
722	2023-09-13 12:26:41.554218+00	402-35433	402-35433	1	[{"added": {}}]	17	1
723	2023-09-13 12:29:00.092585+00	100	Mr. Hosseini	1	[{"added": {}}]	8	1
724	2023-09-13 12:29:48.819387+00	021687	021687	1	[{"added": {}}]	10	1
725	2023-09-13 12:33:05.286412+00	012425	012425	1	[{"added": {}}]	10	1
726	2023-09-13 12:48:49.026671+00	76598	76598	2	[{"changed": {"fields": ["Status"]}}]	10	1
727	2023-09-13 13:34:37.160371+00	101	Shakibfar ,  Vahdat	1	[{"added": {}}]	8	1
728	2023-09-13 13:34:48.392967+00	101	Shakibfar ,  Vahdat	2	[]	8	1
729	2023-09-13 13:35:14.006293+00	980617	980617	1	[{"added": {}}]	10	1
730	2023-09-13 15:41:04.815201+00	102	Mr. Esmaeilpour	1	[{"added": {}}]	8	1
731	2023-09-13 15:41:21.341384+00	9945010	9945010	1	[{"added": {}}]	10	1
732	2023-09-13 15:55:35.224655+00	021169	021169	2	[{"changed": {"fields": ["Inquiry number", "Status"]}}]	10	1
733	2023-09-13 15:55:53.983118+00	PWS-021169	PWS-021169	3		10	1
734	2023-09-13 18:00:37.821086+00	021516	021516	2	[{"changed": {"fields": ["Status"]}}]	10	1
735	2023-09-13 18:08:29.402155+00	0133019	0133019	2	[{"changed": {"fields": ["Status"]}}]	10	1
736	2023-09-13 18:27:13.910888+00	4021268	4021268	1	[{"added": {}}]	10	1
737	2023-09-13 18:47:27.588042+00	58	Mr. Ramezanzadeh	2	[]	8	1
738	2023-09-13 18:47:41.923628+00	0142124	0142124	1	[{"added": {}}]	10	1
739	2023-09-13 18:54:06.541568+00	0245006	0245006	2	[{"changed": {"fields": ["Status"]}}]	10	1
740	2023-09-13 18:59:30.994547+00	012674	012674	1	[{"added": {}}]	10	1
741	2023-09-14 05:42:41.995114+00	103	Ms. Fallahi	1	[{"added": {}}]	8	1
742	2023-09-14 05:42:55.835848+00	0045038	0045038	1	[{"added": {}}]	10	1
743	2023-09-14 05:53:26.079801+00	104	Ms. Kolahkaj	1	[{"added": {}}]	8	1
744	2023-09-14 05:53:41.63218+00	02011	02011	1	[{"added": {}}]	10	1
745	2023-09-14 06:01:52.111781+00	010744	010744	1	[{"added": {}}]	10	1
746	2023-09-14 06:14:47.651421+00	0246779	0246779	1	[{"added": {}}]	10	1
747	2023-09-14 07:28:10.842469+00	4760	4760	2	[{"changed": {"fields": ["Status"]}}]	10	1
748	2023-09-14 08:14:46.420342+00	0243034	0243034	2	[{"changed": {"fields": ["Status"]}}]	10	1
749	2023-09-14 08:16:56.445946+00	105	Shrafi, Hoaaein	1	[{"added": {}}]	8	1
750	2023-09-14 08:18:05.327061+00	4013690	4013690	1	[{"added": {}}]	10	1
751	2023-09-14 08:25:41.76824+00	0045045	0045045	2	[{"changed": {"fields": ["Status"]}}]	10	1
752	2023-09-14 08:27:56.896302+00	021516	021516	2	[{"changed": {"fields": ["Status"]}}]	10	1
753	2023-09-14 08:30:19.71712+00	012613	012613	1	[{"added": {}}]	10	1
754	2023-09-14 08:34:31.425655+00	25014	25014	1	[{"added": {}}]	10	1
755	2023-09-14 12:05:21.357266+00	25014	25014	2	[{"changed": {"fields": ["Status"]}}]	10	1
756	2023-09-14 12:12:12.248568+00	0244022	0244022	2	[{"changed": {"fields": ["Inquiry type"]}}]	10	1
757	2023-09-14 12:19:31.388522+00	25090	25090	1	[{"added": {}}]	10	1
758	2023-09-14 12:32:47.719895+00	970051	970051	1	[{"added": {}}]	10	1
759	2023-09-14 13:23:38.210826+00	4021548	4021548	1	[{"added": {}}]	10	1
760	2023-09-15 07:20:56.746984+00	14252	14252	2	[{"changed": {"fields": ["Status"]}}]	10	1
761	2023-09-15 07:25:38.260524+00	012834	012834	2	[{"changed": {"fields": ["Status"]}}]	10	1
\.


--
-- Data for Name: django_content_type; Type: TABLE DATA; Schema: public; Owner: django
--

COPY public.django_content_type (id, app_label, model) FROM stdin;
1	auth	permission
2	auth	group
3	auth	user
4	contenttypes	contenttype
5	sessions	session
6	admin	logentry
7	form	customer
8	form	expert
9	form	forwarder
10	form	inquiry
11	form	supplier
12	form	advancepaymentsupplier
13	form	balancepaymentsupplier
14	form	bankguarantee
15	form	closed
16	form	commercialoffer
17	form	technicaloffer
18	form	requesttoquotation
19	form	quotation
20	form	purchaseorder
21	form	orderregistration
22	form	customclearance
23	form	shipping
24	form	forwarderpayment
25	form	financialreportirr
26	form	financialreportforeign
\.


--
-- Data for Name: django_migrations; Type: TABLE DATA; Schema: public; Owner: django
--

COPY public.django_migrations (id, app, name, applied) FROM stdin;
1	contenttypes	0001_initial	2023-08-22 11:11:25.62668+00
2	auth	0001_initial	2023-08-22 11:11:26.277541+00
3	admin	0001_initial	2023-08-22 11:11:26.399601+00
4	admin	0002_logentry_remove_auto_add	2023-08-22 11:11:26.439215+00
5	admin	0003_logentry_add_action_flag_choices	2023-08-22 11:11:26.475758+00
6	contenttypes	0002_remove_content_type_name	2023-08-22 11:11:26.527172+00
7	auth	0002_alter_permission_name_max_length	2023-08-22 11:11:26.563124+00
8	auth	0003_alter_user_email_max_length	2023-08-22 11:11:26.587121+00
9	auth	0004_alter_user_username_opts	2023-08-22 11:11:26.606845+00
10	auth	0005_alter_user_last_login_null	2023-08-22 11:11:26.632018+00
11	auth	0006_require_contenttypes_0002	2023-08-22 11:11:26.648281+00
12	auth	0007_alter_validators_add_error_messages	2023-08-22 11:11:26.680214+00
13	auth	0008_alter_user_username_max_length	2023-08-22 11:11:26.754499+00
14	auth	0009_alter_user_last_name_max_length	2023-08-22 11:11:26.794535+00
15	auth	0010_alter_group_name_max_length	2023-08-22 11:11:26.833054+00
16	auth	0011_update_proxy_permissions	2023-08-22 11:11:26.868604+00
17	auth	0012_alter_user_first_name_max_length	2023-08-22 11:11:26.902237+00
18	form	0001_initial	2023-08-22 11:11:30.552169+00
19	sessions	0001_initial	2023-08-22 11:11:30.666053+00
\.


--
-- Data for Name: django_session; Type: TABLE DATA; Schema: public; Owner: django
--

COPY public.django_session (session_key, session_data, expire_date) FROM stdin;
w65ovb1zswzzg2qoe6e116o6bwtudfi1	.eJxVjEEOwiAQRe_C2pACBcGl-56BDMyMVA0kpV0Z765NutDtf-_9l4iwrSVunZY4o7gIJU6_W4L8oLoDvEO9NZlbXZc5yV2RB-1yakjP6-H-HRTo5Vtnj2CMJuUgsGH2qMkGR1nZETzp5NzZggUcHQ2Bx6QYE5OG7AfjOIj3BwG0ONA:1qYPKZ:XOXBFziDQA9Ye1nea9XH2ELtiMeq_-ATVUo7ZaS4Kh8	2023-09-05 11:13:51.93661+00
p3xkkr1qz7mqattke5mv2mxtwc92v1tg	.eJxVjEEOwiAQRe_C2pACBcGl-56BDMyMVA0kpV0Z765NutDtf-_9l4iwrSVunZY4o7gIJU6_W4L8oLoDvEO9NZlbXZc5yV2RB-1yakjP6-H-HRTo5Vtnj2CMJuUgsGH2qMkGR1nZETzp5NzZggUcHQ2Bx6QYE5OG7AfjOIj3BwG0ONA:1qYPMD:nt5lw-cWw-KAcjmY9Y5RRfT1-1iBs2w-ypmeyCDvDAY	2023-09-05 11:15:33.554208+00
v3rg18bcpqa4rgttotqb27w7kyt8z27k	.eJxVjEEOwiAQRe_C2pACBcGl-56BDMyMVA0kpV0Z765NutDtf-_9l4iwrSVunZY4o7gIJU6_W4L8oLoDvEO9NZlbXZc5yV2RB-1yakjP6-H-HRTo5Vtnj2CMJuUgsGH2qMkGR1nZETzp5NzZggUcHQ2Bx6QYE5OG7AfjOIj3BwG0ONA:1qYPO8:yi4zxeK5MA2qaErO8SZDjbzJSsl_Mgak4M3fkbi3JAw	2023-09-05 11:17:32.705679+00
pgujjm4vmfjpgxj5j4c9ef9swn2j9g6h	.eJxVjEEOwiAQRe_C2pACBcGl-56BDMyMVA0kpV0Z765NutDtf-_9l4iwrSVunZY4o7gIJU6_W4L8oLoDvEO9NZlbXZc5yV2RB-1yakjP6-H-HRTo5Vtnj2CMJuUgsGH2qMkGR1nZETzp5NzZggUcHQ2Bx6QYE5OG7AfjOIj3BwG0ONA:1qaLzq:xaCRHM0A3LROUBtU5ki90TISBGrytiPEnwqHuAR-FaA	2023-09-10 20:04:30.372976+00
6otkwq9ly4ti8jiv8z6236pf2bsjbn26	.eJxVjEEOwiAQRe_C2pACBcGl-56BDMyMVA0kpV0Z765NutDtf-_9l4iwrSVunZY4o7gIJU6_W4L8oLoDvEO9NZlbXZc5yV2RB-1yakjP6-H-HRTo5Vtnj2CMJuUgsGH2qMkGR1nZETzp5NzZggUcHQ2Bx6QYE5OG7AfjOIj3BwG0ONA:1qdbB8:oKueWE3B6WZcd9ej_eOtfM_oZmfgF_Tw2IuFMKqQEJ8	2023-09-19 18:53:34.663686+00
ty1s6vp0pq7wyfrx0ddbv9v7ki08v1eg	.eJxVjEEOwiAQRe_C2hAGaJ1x6d4zkBlAqRpISrsy3l2bdKHb_977LxV4XUpYe57DlNRJgTr8bsLxkesG0p3rrenY6jJPojdF77TrS0v5ed7dv4PCvXxrFu-AB_GDoeyQybM1JMjRGpfApojEI8R8dQgMRCk7oZHxKB4Ronp_AN6aN8s:1qegDa:FVwrpDQjNK15ZwzHZeQqIx77Hnl3xZ2ZxMbvnHfpZJg	2023-09-22 18:28:34.792979+00
5nplg6lcglcud2w53nmn53wrroww74l4	.eJxVjEEOwiAQRe_C2hAGaJ1x6d4zkBlAqRpISrsy3l2bdKHb_977LxV4XUpYe57DlNRJgTr8bsLxkesG0p3rrenY6jJPojdF77TrS0v5ed7dv4PCvXxrFu-AB_GDoeyQybM1JMjRGpfApojEI8R8dQgMRCk7oZHxKB4Ronp_AN6aN8s:1qegcH:-1VQfJenzL1QOrOAn4jJsY68w4MhI40mbdLcVakOhzw	2023-09-22 18:54:05.168945+00
mwa301dgc59ih3l1wn6ep5gzcg2jhfor	.eJxVjDsOwjAQBe_iGlnLxp81JX3OYK1_OIAcKU4qxN0hUgpo38y8l_C8rdVvPS9-SuIiUJx-t8DxkdsO0p3bbZZxbusyBbkr8qBdjnPKz-vh_h1U7vVbWwhUEgSDaAoncHiOwNpolRRnUli0i0iOIwfkAUmRJQ0WCirDA4v3B9yIN2U:1qeqJj:7ms7iRGLAaNIXDF-5NaFmEwymIaP1x4P24bn5R4cbpw	2023-09-23 05:15:35.57233+00
atk7u364udvmlh4k5oiybbi0qhyyg0z7	.eJxVjDsOwjAQBe_iGlnLxp81JX3OYK1_OIAcKU4qxN0hUgpo38y8l_C8rdVvPS9-SuIiUJx-t8DxkdsO0p3bbZZxbusyBbkr8qBdjnPKz-vh_h1U7vVbWwhUEgSDaAoncHiOwNpolRRnUli0i0iOIwfkAUmRJQ0WCirDA4v3B9yIN2U:1qeqNz:RH0TA6fRmHiHRR3ZayqyF9D4rmClhnNNvoTwZJGiAIY	2023-09-23 05:19:59.081828+00
qvtfm709c0n2n7u1842iop0ig2u1qmb7	.eJxVjEEOwiAQRe_C2hAGaJ1x6d4zkBlAqRpISrsy3l2bdKHb_977LxV4XUpYe57DlNRJgTr8bsLxkesG0p3rrenY6jJPojdF77TrS0v5ed7dv4PCvXxrFu-AB_GDoeyQybM1JMjRGpfApojEI8R8dQgMRCk7oZHxKB4Ronp_AN6aN8s:1qer0b:rWZChJWbZR-0wgC-qVHzK0XKAH-ZtFnq7m38370_9Ms	2023-09-23 05:59:53.257338+00
71qvc5wkhn3a2wpy5ph5gxds9mvxb71f	.eJxVjDsOwjAQBe_iGlnLxp81JX3OYK1_OIAcKU4qxN0hUgpo38y8l_C8rdVvPS9-SuIiUJx-t8DxkdsO0p3bbZZxbusyBbkr8qBdjnPKz-vh_h1U7vVbWwhUEgSDaAoncHiOwNpolRRnUli0i0iOIwfkAUmRJQ0WCirDA4v3B9yIN2U:1qfGFP:w-0cNSaADIMCcGSjOBHGBYaXRPoTTZy0gUO3YZyKgC8	2023-09-24 08:56:51.421819+00
rwq79jm899w3kou80zwkq4v03zlfcniu	.eJxVjDsOwjAQBe_iGlnLxp81JX3OYK1_OIAcKU4qxN0hUgpo38y8l_C8rdVvPS9-SuIiUJx-t8DxkdsO0p3bbZZxbusyBbkr8qBdjnPKz-vh_h1U7vVbWwhUEgSDaAoncHiOwNpolRRnUli0i0iOIwfkAUmRJQ0WCirDA4v3B9yIN2U:1qfGGm:ea9Eh-UVjHAOxEHMbuj_VTp8VFMCT3A1wnPBpHW6vSM	2023-09-24 08:58:16.697036+00
\.


--
-- Data for Name: form_advancepaymentsupplier; Type: TABLE DATA; Schema: public; Owner: django
--

COPY public.form_advancepaymentsupplier (inquiry_id, amount, currency, ex_rate_to_aed, payee, payeer, beneficiary, country, origin_bank, tracing_number, payment_date, payment_method, note, supplier_id) FROM stdin;
\.


--
-- Data for Name: form_balancepaymentsupplier; Type: TABLE DATA; Schema: public; Owner: django
--

COPY public.form_balancepaymentsupplier (inquiry_id, amount, currency, ex_rate_to_aed, payee, payeer, beneficiary, country, origin_bank, tracing_number, payment_date, payment_method, note, supplier_id) FROM stdin;
011492	10912.00	EURO	4.0100	ARAZ INTERNATIONAL TRADING WLL	Walid	Five Pillard	France	LCL SA	300823A6335	2023-08-30	Bank transfer		Fives Pillard
\.


--
-- Data for Name: form_bankguarantee; Type: TABLE DATA; Schema: public; Owner: django
--

COPY public.form_bankguarantee (inquiry_id, name_of_bank, bank_guarantee_number, beneficiary, guarantee_amount, cheque_number, cheque_date, date_of_issue, validity, type_of_bank_guarantee, assign, note) FROM stdin;
0135122	Pasargad	1	1	1.00	1	2023-08-30	2023-08-30	2023-11-07	Tender Guarantee	\N	
\.


--
-- Data for Name: form_closed; Type: TABLE DATA; Schema: public; Owner: django
--

COPY public.form_closed (inquiry_id, date, closed_reason, note, customer_id) FROM stdin;
\.


--
-- Data for Name: form_commercialoffer; Type: TABLE DATA; Schema: public; Owner: django
--

COPY public.form_commercialoffer ("CommercialOffer_number", inquiry_id, date, manufacture, delivery_term, delivery_time, validity, total_amount, currency, term_of_payment, signatory, assign, state, note, customer_id, expert_id) FROM stdin;
402-35332	012700	2023-09-03	Bently Nevada	CPT IKA	16-18 Working weeks	1 WEEK	47000	AED	100% CAD	CPT	Administrative Team No.1	Offer		Arak (Shahzand) Petrochemical Co.	7
402-35310	4020449	2023-09-03	Agilent	CPT IKA	14-16Working weeks	1 Week	25980	AED	100% CAD	CPT	Manager	Offer		Jam Petrochemical Company	78
\.


--
-- Data for Name: form_customclearance; Type: TABLE DATA; Schema: public; Owner: django
--

COPY public.form_customclearance (id, custom, contractor, order_registration_number, invoice_number, packing_number, amount, currency, hs_code, cottage_number, documents_send_to_bank, documents_send_to_custom, bank_expert, shipper, custom_duty, custom_vat, contractor_cost, note, inquiry_id) FROM stdin;
\.


--
-- Data for Name: form_customer; Type: TABLE DATA; Schema: public; Owner: django
--

COPY public.form_customer (company, address, phone_number, postal_code, economical_code, "national_ID", note) FROM stdin;
Fajr Petrochemical co.	P.O. Box:117- Imam Khomeini Port- Site 2- PETZONE- Islamic Republic of Iran	+98 61 52121536	1	1	1	
Amir Kabir Petrochemical co.	No.21 , East Nafisi ( 23 ) Str. , South Sarafha Str. , Sa’adat Abad District , Tehran - Iran	+98 (0) 21 87750	1	1	1	
Arak (Shahzand) Petrochemical Co.	No. 68, West Taban St., Vali-e-asr Ave., Tehran- IRAN	021- 82122730	1968913751	1	1	
Marun Petrochemical Co	Site no.2- S.P.E.Z -Mahshar- Iran	+98 6152295262	1	1	1	
Tabriz Petrochemical Co.	Tabriz Petrochemical complex special Rd , Off Km 3 Bakeri Freeway, Kasaei Highway End, Tabriz - Iran P.C. 5197133377	04134282572	5197133377	5197133377	1	
Hozaifa Shakir	Sharjah Airport International Free Zone, Sharjah,  United Arab Emirates	+971-6-5734326	??	??	??	
AL Bijjar Trading (FZC)	Sharjah Airport International Free Zone, Sharjah,  United Arab Emirates	+971-6-5734326	??	??	??	
Kavian Petrochemical Company (KPC)	No.40, Fallahzadeh Blv. (Hamila), Poonak Sq., Tehran-Iran 14696-43834.	+9821 4923 9561	??	??	??	
Khark Petrochemical Co	No. 40, Dodjamjou St., North DibajiSt.,	Tel: +98 21 2280 660	1951994511	1	1951994511	
ARYASASOL POLYMER Co.	Pars Special Economic Energy Zone, Assaluyeh, Bushehr Province, IRAN,	+98 21 85920000	7511811365	1	1	
Pardis Petrochemical co	Assaloyeh	07737323305	1	1	1	
MIANDOAB PETROCHEMICAL Co	تهران، بلوار همیلا، پلاک 40، طبقه3، واحد7	021-49239336	1	1	1	
Mahabad Petrochemical Company	Add:No 40, Shahid Fallahzade(Hamila) Blvd,Pounak, Tehran, Iran	(+98) 21-4923-9240	1469643844	1	1	
LALEH PETROCHEMICAL Co.	Site No.2, Special Economic Region, Mahshahr Port, Khuzestan Province. No.18	+98 61 52122986	1467913144	1	1	
Marjan Petrochemical co.	عسلویه -فاز دوم پتروشیمی ها-پتروشیمی مرجان	077- 31670542	1	1	1	
Damavand  PC	Asaloyeh	1	1	1	1	
Jam Petrochemical Company	No. 27, Nezami St,Tavanir Ave., Tehran Tehran 14348-43145, Iran	+98 7737323221-5 Ext	14348-43145	1	1	
wahdatindustrial	19th floor, Damac Executive Heights, Barsha Heights (Tecom), Dubai, UAE	Mobile: +971 5555956	342044	1	1	
PARS PETROCHEMICAL Co.	Pars S.E.E.Z, Assaluyeh, Iran, P.O. Box:75391-163	07737263880-4, EXT.4	75391-163	1	1	
ZAGROS PETROCHEMICAL Co.	ZAGROS Petrochemical, Assaluyeh, Iran, P.O. Box:7539144117	07737323330	7539144117	1	1	
petra energy	9534 ARCADE Dr. Spring, Texas 77379	+18327170748	000	000	000	
Mobin Petrochemical co.	استان بوشهر، بندر عسلویه | صندوق پستی: ۴۱۸-۷۵۳۹۱	۰۷۷۳۷۲۹۵۰۰۰	75391-418	1	1	
\.


--
-- Data for Name: form_expert; Type: TABLE DATA; Schema: public; Owner: django
--

COPY public.form_expert (id, name, email, phone_number, city, "position", note, customer_id) FROM stdin;
2	Mohammad Amin Shafaei (Mr.)	m.shafaei@akpc.ir	\N	Tehran	Commercial Expert		Amir Kabir Petrochemical co.
3	Karimpour Saeed	Karimpour.S@arpc.ir	+98 (0) 21 82122825	Tehran	Project Section		Arak (Shahzand) Petrochemical Co.
5	Raeesi Behnaz	braeesi@mpc.ir	02186759284	Marun	Slaes		Marun Petrochemical Co
6	Mr. Zahiri Rad	zahiri.k@fajrco.com	\N	Tehran	Sales		Fajr Petrochemical co.
7	Goodarzi Zahra	Goodarzi.Z@arpc.ir	\N	Tehran	Sales		Arak (Shahzand) Petrochemical Co.
8	Hozaifa Shakir	scm3@albijjar.ae	\N	Sharjah	Business Development Manager		Hozaifa Shakir
9	Sadegh Nasari	snasari@mpc.ir	\N	mahshahr	karshenas		Marun Petrochemical Co
10	Sahar Ghanavati	sghanavatei@mpc.ir	98 (0)  6152295274	mahshahr	karshenas		Marun Petrochemical Co
11	Ms. Mosayebi	MMosayebi@bakhtargroup.com	\N	Tehran	karshenas		Kavian Petrochemical Company (KPC)
12	Zarkoob	Zarkoob.f@arpc.ir	+98-21-82122849	Tehran	Sales		Arak (Shahzand) Petrochemical Co.
13	Khark Site	https://indentsystem.kpc.asia/fa	\N	Tehran	Site		Khark Petrochemical Co
14	Ramezani	Ramezani.M@arpc.ir	00982182122802	Tehran	Procurement Expert		Arak (Shahzand) Petrochemical Co.
16	Alilou Aysan	ei7.proc@tpco.ir	\N	Tabriz	Electrical Procurment Department		Tabriz Petrochemical Co.
18	Khabbaz	info@fajr.ir	\N	Assloyeh	website		Fajr Petrochemical co.
19	Mr. Jaberi	indo@fajr.ir	\N	Assaloyeh	Website		Fajr Petrochemical co.
21	Ms. Ghaderi	info@aryasasoul.ir	\N	Assaluyeh, Bushehr Province	website		ARYASASOL POLYMER Co.
22	Mr. Moammeri	info@fajr.ir	\N	Imam Khomeini Port- Site 2	website		Fajr Petrochemical co.
23	Mr. khodabandeh	khodabandeh.a@arpc.ir	08632633591	Arak	Sales		Arak (Shahzand) Petrochemical Co.
24	Mr. Yaghoubi	sh.yaghoubi@paupc.com	07737323305-2634	Asaloyeh	sales		Pardis Petrochemical co
25	Ms. Saffari	Msaffari@bakhtargroup.com	+9821 4923 9559	tehran	Procurement Department		Kavian Petrochemical Company (KPC)
26	Mr. Abolhasani	m1.proc@tpco.ir	+98(41) 34282567	Tabriz	Sales		Tabriz Petrochemical Co.
30	Khalifeh , Ali	akhalifeh@mpc.ir	(+98-21) 86759281	Tehran	Procurement Department		Marun Petrochemical Co
32	Mr. Nasari	snasari@mpc.ir	98 (0)  6152295272	Tehran	Proquments		Marun Petrochemical Co
33	Mr. Simorgh	simorgh.s@arpc.ir	021- 82122835	Tehran	Proquments		Arak (Shahzand) Petrochemical Co.
34	Mr. SABZEVARI , Hamid	a.sabzevari@akpc.ir	+98 21 87750    EXT.	Tehran	FOREIGN PROCUREMENT DEPARTMENT		Amir Kabir Petrochemical co.
35	Ms. Hosseini	NHosseini@bakhtargroup.com	(+98) 21-4923-9240	Tehran	Procuments		Mahabad Petrochemical Company
36	Ms. Zamani,	NZamani @lpcco.ir	\N	Tehran	Procuments		LALEH PETROCHEMICAL Co.
37	Mr. Fazlali	E-Procurement@aryasasol.com	\N	Assalyyeh	Procurement		ARYASASOL POLYMER Co.
38	Ms. Ghorbani,	E-Procurement@aryasasol.com	\N	Assalouyeh	Procurement		ARYASASOL POLYMER Co.
53	Mr. Karimpour , Saeid	Karimpour.s@arpc.ir	82122825	Tehran	sales		Arak (Shahzand) Petrochemical Co.
31	Pegah Bagheri	ei8.proc@tpco.ir	\N	Tabriz	Porcumnets		Tabriz Petrochemical Co.
39	Mr. Dami	b.dami@mjpc.ir	\N	Asaloyeh	Procurement		Marjan Petrochemical co.
41	Hayat Gheibi , Amin	amin.hayat@aryasasol.com	\N	Assaluyeh-Iran.	Procurement		ARYASASOL POLYMER Co.
42	Mr. Rafiei	E-Procurement@aryasasol.com	\N	Assaloyeh	Procurement		ARYASASOL POLYMER Co.
43	Mr. Shirmast	Shirmast.SH@arpc.ir	\N	Tehran	Foreign Procurement Dpt.		Arak (Shahzand) Petrochemical Co.
44	Ms. Ebadollahi , Shima	S.Ebadolahi@bakhtargroup.com	\N	Tehran	Procurement Department		Mahabad Petrochemical Company
45	Ms. Khojastehmanesh	SKhojastehmanesh@Lpcco.ir	\N	Tehran	Procurement		LALEH PETROCHEMICAL Co.
46	Mr. Kohan	kohan@khipc.com	\N	Tehran	کارشناس خرید تجهیزات دوار  شبکه تامین کالا		Khark Petrochemical Co
4	Ms. Jabbarzadeh	g4.proc@tpco.ir	\N	Tabriz	Sales Expert		Tabriz Petrochemical Co.
47	Mr. Shahrokhi , Ehsan	Shahrokhi.E@arpc.ir	\N	tehran	Slaes		Arak (Shahzand) Petrochemical Co.
48	Mr. Delaviz , Payman	Delaviz.P@arpc.ir	\N	Tehran	Sales		Arak (Shahzand) Petrochemical Co.
49	Mr. Fakhimifard	E1.Proc@tpco.ir	\N	Tabriz	Sales		Tabriz Petrochemical Co.
50	Amir Talavari	ATalavari@mpc.ir	\N	Mahshahar – Iran	Sales		Marun Petrochemical Co
51	Saeid Soltani	E-Procurement@aryasasol.com	\N	Tehran	Sales		ARYASASOL POLYMER Co.
52	Mr. fallah	s@s.com	\N	Tehran	Sales		Damavand  PC
54	MS. Safari, Fatemeh	E-Procurement@aryasasol.com	+98-21-85922932	Tehran	sales		ARYASASOL POLYMER Co.
55	Mr. Ramezani	Ramezani.M@arpc.ir	(Extension: 2802)	Tehran	sales		Arak (Shahzand) Petrochemical Co.
17	Ms. Asadi	E-Procurement@aryasasol.com	\N	Assaloyeh	Web Site		ARYASASOL POLYMER Co.
59	Mr. Emamhasani	n.emamhasani@akpc.ir	+98 21 87750 - Ext:	Tehran	Sales		Amir Kabir Petrochemical co.
60	Mr. Ghomeshi, Reza	r.ghomeshi@wahdatindustrial.com	+971 555595652	Dubai	General Manager		wahdatindustrial
61	Mr.  Najafi, Mohammad	m.najafi@paupc.com	(+98-21) 88603495-8	Tehran	Foreign Procurement Expert		Pardis Petrochemical co
28	Ms. Shirzadeh , Masoumenh	Mshirzadeh@bakhtargroup.com	021-49239336	Tehran	sales		MIANDOAB PETROCHEMICAL Co
15	Mr. Panahi , Kamran	KPanahi@bakhtargroup.com	+9821 49239541	Tehran	Procurement Manager		Kavian Petrochemical Company (KPC)
57	Mr. Aladaghloo, Bagher	bagher.aladaghloo@aryasasol.com	+98-21-85923883	Tehran	sales		ARYASASOL POLYMER Co.
20	Mr. Abolfathi	Abolfathi.M@fajrco.com	\N	Imam Khomeini	Procurement		Fajr Petrochemical co.
27	Ms. Ahmadpour	m4.1.proc@tpco.ir	04134282887	Tabriz	sales		Tabriz Petrochemical Co.
29	Mr. Yousefi	ei5.proc@tpco.ir	\N	Tabriz	Sales		Tabriz Petrochemical Co.
40	Nader Sorkhabi	m6.proc@tpco.ir	\N	Tabriz	Procurement		Tabriz Petrochemical Co.
56	Mr. MASHI , MOSTAFA	m.mashi@jpcomplex.com	+98 7737323221-5 Ext	Tehran	Expert of Mechanical Procurement Department		Jam Petrochemical Company
58	Mr. Ramezanzadeh	m3.proc@tpco.ir	\N	Tehran	Sales		Tabriz Petrochemical Co.
62	Mohammad Shahab Karbalaeian	Karbalaeian.MS@arpc.ir	+98(21)82122861	Tehran	Mechanic Division of Procurement Dpt.	Mob No. 0912 898 1040	Arak (Shahzand) Petrochemical Co.
63	Seyed Sadra Seyed Ghasemi	Seyedghasemi.S@arpc.ir	+21 82121	Tehran	Overseas Procurement Department		Arak (Shahzand) Petrochemical Co.
64	Seyedeh Shadfar Pourpanah	pourpanah@paupc.com	02188603494 ext 125	Tehran	Foreign Procurement Expert		Pardis Petrochemical co
65	Mohamad Hasan Mohabat Doost	MMohabatdoost@mpc.ir	\N	Mahshahr	Domectic Procurement	09112305754	Marun Petrochemical Co
66	Abdorahimi	Abdolrahimi.MH@arpc.ir	00982182122836	Tehran	Procurement Expert of Project		Arak (Shahzand) Petrochemical Co.
67	Parisa Asadi	parisa.asadi@aryasasol.com	+98-21-85922127	Asalouyeh	Foreign Expert		ARYASASOL POLYMER Co.
68	Mr. Milani	m.milani@parspc.ir	09376614988	Tehran	Expert		PARS PETROCHEMICAL Co.
69	Mr. Afzali , Behrooz	BAfzali@mpc.ir	\N	Tehran	Expert		Marun Petrochemical Co
70	Esmaeil Raeeszadeh	raeeszadeh.e@fajrco.com	06152171376	Mahshahr	Purchasing departmant		Fajr Petrochemical co.
71	Hamid Banaei	a.banaie@jpcomplex.com	88654545	Tehran	expert		Jam Petrochemical Company
72	Mr. Yazdani	mryazdani@mpc.ir	98 (0) 2186759283	mahshahr	karshenas		Marun Petrochemical Co
73	M.H  Abdolrahimi	Abdolrahimi.MH@arpc.ir	00982182122836	Tehran	foreig expert	Best Regards\r\n(Mr.)M.H  Abdolrahimi\r\nProcurement Expert of Project\r\nShazand Petrochemical Company\r\nDirect line:00982182122836                      \r\n  Fax:00982188674107\r\n\r\nMohammadhosein Abdolrahimi <Abdolrahimi.MH@arpc.ir>	Arak (Shahzand) Petrochemical Co.
74	Khosroshahi	ei3.proc@tpco.ir	0413428000	Tabriz	Forien Expert		Tabriz Petrochemical Co.
75	Azadeh Soleymani	Soleymani.AZ@arpc.ir	\N	Tehran	Expert		Arak (Shahzand) Petrochemical Co.
76	Mr. nader sarkhabi	ei5.proc@tpco.ir	04134282572	tabriz	karshenas		Tabriz Petrochemical Co.
77	Ms. Balal Zadeh, Leila	LBalalzadeh@mpc.ir	021- 86759286	Tehran	Expert		Marun Petrochemical Co
78	Mr. Barati,	M_Barati@jpcomplex.com	\N	Tehran	Expert		Jam Petrochemical Company
79	Mr. Gholami	m.gholami@parspc.ir	\N	Asaloyeh	Expert		PARS PETROCHEMICAL Co.
80	Seyed Majid Askari	askari.sm@arpc.ir	021-82122866	Tehran	Foreign Expert		Arak (Shahzand) Petrochemical Co.
81	Mr. Khabbaz	info@fajr.ir	\N	Tehran	Expert		Fajr Petrochemical co.
82	Mr. Mousavi	h.mousavi@paupc.com	07737323305-2638	Tehran	Expert		Pardis Petrochemical co
83	Behnam Ghanavati	Bghanavati@mpc.ir	(+98-61) 52295261	Mahshahr	Damestic Procurement		Marun Petrochemical Co
84	Mr. AZARANG	m.azarang@parspc.ir	\N	Asaloyeh	Expert		PARS PETROCHEMICAL Co.
85	Mr. Siahpoosh	h.siahpoosh@zpcir.com	\N	Tehran	Expert		ZAGROS PETROCHEMICAL Co.
86	Mr. Momeni	Momeni.GH@arpc.i	09181605990	Tehran	Expert		Arak (Shahzand) Petrochemical Co.
87	Alidadi	alidadi.e@arpc.ir	82122863	Tehran	Expert		Arak (Shahzand) Petrochemical Co.
88	Mr. Gidfar	m.gidfar@parspc.ir	تلفن :  5-0773726388	Asaloyeh	Expert		PARS PETROCHEMICAL Co.
1	Hasan Mohammadi	Mohammadi.h@arpc.ir	02182122842	Tehran	Sales Expert		Arak (Shahzand) Petrochemical Co.
89	Kharazi خرازی	tabriz@tabriz.ir	09144135891	Tabriz	کارشناس فنی	tel: 0413-428-2294 \r\nکارشناس درخواست ۰۲۳۲۰۳۳ در خصوص کوپلینگ	Tabriz Petrochemical Co.
90	MS.NOURI	m5.proc@tpco.ir	\N	TABRIZ	EXPERT		Tabriz Petrochemical Co.
91	Mohabat Doost	MMohabatdoost@mpc.ir	\N	Marun	Expert		Marun Petrochemical Co
92	Mr. Akbari	a.akbari@parspc.ir	\N	Assaloyeh	Expert		PARS PETROCHEMICAL Co.
93	Ms. Monshizadeh	a.monshizadeh@akpc.ir	\N	Tehran	Expert		Amir Kabir Petrochemical co.
94	Sayanth Nair	sayanth@petra-energy.co	\N	Texas	karshenas		petra energy
95	Malihe Baniasad	MBaniasad@bakhtargroup.com	+98 21 49239556	Tehran	Procurement Department		Kavian Petrochemical Company (KPC)
96	Mr. Dehghan	dehghan.noodeh@gmail.com	\N	Tehran	Expert		Mobin Petrochemical co.
97	Ghadami	Ghadami.H@arpc.ir	02182122860	Tehran	Expert  , Project		Arak (Shahzand) Petrochemical Co.
98	Mohammad Reza Eshghi	MEshghi@bakhtargroup.com	(+98) 21 49239547	Tehran	Procurement Department		Kavian Petrochemical Company (KPC)
99	Mr. Alijani	ei2.proc@tpco.ir	\N	tehran	Expert		Tabriz Petrochemical Co.
100	Mr. Hosseini	hoseini.sb@arpc.ir	\N	tehran	Expert		Arak (Shahzand) Petrochemical Co.
101	Shakibfar ,  Vahdat	vshakibfar@mpc.ir	98 (0)  6152295262	Mahshar	Expert		Marun Petrochemical Co
102	Mr. Esmaeilpour	m4.proc@tpco.ir	\N	Tabriz	Expert		Tabriz Petrochemical Co.
103	Ms. Fallahi	g.proc@tpco.ir	\N	Tabriz	Expert		Tabriz Petrochemical Co.
104	Ms. Kolahkaj	fkolahkaj@mpc.ir	\N	Mahshar	Expert		Marun Petrochemical Co
105	Shrafi, Hoaaein	h.sharafi@jpcomplex.com	88654545  Ex: 384	tehran	expert		Jam Petrochemical Company
\.


--
-- Data for Name: form_financialreportforeign; Type: TABLE DATA; Schema: public; Owner: django
--

COPY public.form_financialreportforeign (inquiry_id, customer_payment_date, amount_received, currency, exchange_rate, date_of_payment, bank_charge_walid, bank_fee_customer, term_of_payment, cheque_no, bank_name, tracking_number, contact_value, buying_value, shipping_cost, commission, extra_charge, benefit, assign, note, customer_id, purchase_order_id) FROM stdin;
\.


--
-- Data for Name: form_financialreportirr; Type: TABLE DATA; Schema: public; Owner: django
--

COPY public.form_financialreportirr (inquiry_id, customer_payment_date, amount_received, registration_number, exchange_rate, bank_information, account_number, term_of_payment, cheque_no, bank_of_customer, date_of_payment, invoice_number, tracking_number, contact_value, buying_value, shipping_cost, custom_clearance_cost, customs_broker_salary, commission, registration_order_cost, extra_charge, benefit, assign, note, customer_id, purchase_order_id) FROM stdin;
\.


--
-- Data for Name: form_forwarder; Type: TABLE DATA; Schema: public; Owner: django
--

COPY public.form_forwarder (company_name, tel, email, contact_person_1, contact_person_2, contact_person_3, contact_person_4, mob_number_1, mob_number_2, mob_number_3, mob_number_4, address, note) FROM stdin;
Saman Express	02140885162	mreza@samanexp.com	Mohammadreza Faraji	\N	\N	\N	09121938852	09123437041	\N	\N	تهران-ضلع شرقی میدان شیخ بهایی-پلاک 5	
Karapost	02189322	faeze.firouz@karapost.com	Faezeh Firouz	\N	\N	\N	09126975638	\N	\N	\N	تهران-خیابان شهید بهشتی-خیابان سرافراز-کوچه هفتم-پلاک 13	
Perse International Forwarding Co.	02182916017	Aryan.Abedin@ptbnet.com	Aryan Abedin	\N	\N	\N	09395511386	\N	\N	\N	No. 18, Kish Alley, Nelson Mandela Blvd. Tehran 1518854100 – IRAN	
Arman Express	+971565477664	ops@armanexpress.com	Ms. Miah	\N	\N	\N	+97142399194	+97145470814	\N	\N	MO2, Mezzanine Floor, Sheikh Saud Al Qasimi Building Salahuddin Road, Deira, Dubai, United Arab Emirates	
Skynet	02122957430	imp1@skynetwwe.ir	Mehdi Navaei	\N	\N	\N	02122957430-EXT1002	\N	\N	\N	اقدسیه، بلوار ارتش، خیابان ولیعصر، کوچه مژده غربی، پلاک ۲۰ ، واحد ۲ و ۳	
Narin East Cargo (NEC Iran)	02151785000	road.traffic@neweastcompany.com	Neshat Rahimi	Sima Razmyar	Mohammad Alizadeh	Farzad Zargar	02151785000-Ex:5115	02151785000-Ex:5107	02188660105-Ex:1205	02188660105-Ex:1240	No. 18, Kish Ave, North Didar St., Nelson Mandela Blvd, 15188-54103 Tehran, Iran	
7Skynet	62999906	Sales1@7skyfreight.com	Kimia Shokuhi	Mohsen Asgari	\N	\N	09037474960	09385926265	\N	\N	تهران، محله دریان نو، خیابان دکتر حبیب الله، خیابان خسروان، ساختمان نیکا، پلاک یک	
\.


--
-- Data for Name: form_forwarderpayment; Type: TABLE DATA; Schema: public; Owner: django
--

COPY public.form_forwarderpayment (inquiry_id, shipping_method, date, amount, currency, ex_rate_to_aed, ex_rate_to_rials, payment_method, contact_person, note, forwarder_name_id) FROM stdin;
\.


--
-- Data for Name: form_inquiry; Type: TABLE DATA; Schema: public; Owner: django
--

COPY public.form_inquiry (inquiry_number, status, inquiry_type, date, deadline, email_address, category, brand, product_type, assign, note, customer_id, expert_id) FROM stdin;
4020574	Technical offer	Tender	2023-08-29	2023-09-06	TCO@payaniukco.com	Mechanic	DWM COPELAND"COMPRESSOR	Complete Assembly	Manager		Fajr Petrochemical co.	1
020692	Request	Indent	2023-08-28	2023-09-05	Mohammadi.h@arpc.ir	Instrument	Siemens	Complete Assembly	Manager	نامه رسمی ارسال گردید	Arak (Shahzand) Petrochemical Co.	1
026194	Technical offer	Indent	2023-08-31	2023-08-31	Kpanahi@bakhtargroup.com	Instrument	Fisher Rosemount	Complete Assembly	Manager		Kavian Petrochemical Company (KPC)	15
0246753	Technical offer	Indent	2023-08-29	2023-09-09	info@fajr.ir	Electrical	Schneider	Complete Assembly	Manager		Fajr Petrochemical co.	6
0246752	Technical offer	Indent	2023-08-29	2023-09-09	info@fajr.ir	Electrical	Schneider	Complete Assembly	Manager		Fajr Petrochemical co.	6
0135122	Request	Indent	2023-08-27	2023-09-07	g4.proc@tpco.ir	Mechanic	"ASTIAK" LUBRICATED PLUG VALVE	Spare Part	Technical Team No.1		Tabriz Petrochemical Co.	4
76105	Close	Indent	2023-08-30	2023-08-30	info@aryasasoul.ir	Mechanic	parker	Spare Part	Manager		Fajr Petrochemical co.	21
021669	Technical offer	Indent	2023-09-06	2023-08-06	Msaffari@bakhtargroup.com	Instrument	Siemens	Spare Part	Manager		Kavian Petrochemical Company (KPC)	25
74321	Commercial offer	Indent	2023-08-23	2023-08-30	E-Procurement@aryasasol.com	Mechanic	Forbes marshall	Spare Part	Manager		ARYASASOL POLYMER Co.	17
0246724	Technical offer	Tender	2023-08-28	2023-09-05	zahiri.k@fajrco.com	Electrical	ASET Electrical Heater Item H7301 III	Complete Assembly	Manager		Fajr Petrochemical co.	6
0140842	Technical offer	Indent	2023-08-28	2023-09-05	m.shafaei@akpc.ir	Mechanic	"SIAD" COMPRESSOR, MODEL TS1/025-A2	Spare Part	Manager		Amir Kabir Petrochemical co.	2
15480	Technical Confirmation	Indent	2023-08-30	2023-09-20	info@khark.ir	Mechanic	CAMFIL	Spare Part	Manager		Khark Petrochemical Co	13
010755	Technical offer	Indent	2023-08-29	2023-09-09	Goodarzi.Z@arpc.ir	Electrical	TEC AUTOMATISMES	Spare Part	Manager		Arak (Shahzand) Petrochemical Co.	7
0043084	Shipping	Indent	2023-08-30	2023-08-30	sales@pantatec.ae	Mechanic	1	Spare Part	Manager		Tabriz Petrochemical Co.	1
0246757	Commercial offer	Indent	2023-09-04	2023-09-04	WEBSITE@FAJR.COM	Electrical	AEG	Complete Assembly	Technical Team No.1		Fajr Petrochemical co.	6
0146774	Technical offer	Indent	2023-08-29	2023-09-09	info@fajr.ir	Electrical	Schneider	Spare Part	Manager		Fajr Petrochemical co.	22
962576	Technical offer	Indent	2023-08-31	2023-08-31	Ramezani.M@arpc.ir	Instrument	HONEYWELL	Spare Part	Manager		Khark Petrochemical Co	14
021322	Technical offer	Indent	2023-08-28	2023-09-06	MMosayebi@bakhtargroup.com	Mechanic	Zipson steel industrial Co.	Complete Assembly	Manager		Kavian Petrochemical Company (KPC)	11
0246612	Technical offer	Indent	2023-08-28	2023-09-05	info@fajr.ir	Electrical	ELECTRAMO	Complete Assembly	Manager		Fajr Petrochemical co.	6
9946035	Technical offer	Indent	2023-08-28	2023-09-05	info@fajr.ir	Mechanic	Flucon Valves	Complete Assembly	Manager		Fajr Petrochemical co.	19
0143035	Technical offer	Indent	2023-08-28	2023-09-05	ei7.proc@tpco.ir	Instrument	Honeywell	Complete Assembly	Manager		Tabriz Petrochemical Co.	16
02068	Technical offer	Indent	2023-08-28	2023-09-06	braeesi@mpc.ir	Mechanic	Fisher	Spare Part	Manager		Marun Petrochemical Co	5
0220111	Technical offer	Indent	2023-08-29	2023-09-09	info@fajr.ir	Mechanic	PİMTAŞ PLASTİK	Spare Part	Manager		Fajr Petrochemical co.	19
000781	Technical offer	Indent	2023-08-31	2023-09-09	khodabandeh.a@arpc.ir	Mechanic	GE	Spare Part	Manager		Arak (Shahzand) Petrochemical Co.	23
011634	Technical offer	Indent	2023-08-31	2023-09-09	Goodarzi.Z@arpc.ir	Instrument	GE- Honeywell	Spare Part	Manager		Arak (Shahzand) Petrochemical Co.	7
MF2966	Request	Indent	2023-08-30	2023-09-03	scm3@albijjar.ae	Electrical	??	Spare Part	Technical Team No.2		AL Bijjar Trading (FZC)	8
021593	Technical offer	Indent	2023-08-28	2023-09-02	MMosayebi@bakhtargroup.com	Mechanic	SGI	Spare Part	Technical Team No.2		Kavian Petrochemical Company (KPC)	11
MF2968	Technical offer	Indent	2023-08-30	2023-09-10	scm3@albijjar.ae	Mechanic	???	Spare Part	Commercial Team No.2		AL Bijjar Trading (FZC)	8
9847561	Technical offer	Indent	2023-09-02	2023-09-02	info@fajr.ir	Mechanic	KSB VALVE	Complete Assembly	Manager		Fajr Petrochemical co.	18
3466	Request	Indent	2023-08-23	2023-08-31	sh.yaghoubi@paupc.com	Mechanic	Parker	Spare Part	Manager		Pardis Petrochemical co	24
9747639	Technical offer	Indent	2023-08-29	2023-09-09	info@fajr.ir	Mechanic	GRUVLOK	Spare Part	Manager		Fajr Petrochemical co.	18
011853	Shipping	Indent	2023-08-23	2023-08-31	Msaffari@bakhtargroup.com	Instrument	Honeywell	Spare Part	Manager		Kavian Petrochemical Company (KPC)	25
0042023	Placing the Order	Indent	2023-08-31	2023-09-29	m1.proc@tpco.ir	Mechanic	GENERAL MOTORS" DIESEL ENGINES	Spare Part	Manager		Tabriz Petrochemical Co.	26
0044032	Request	Indent	2023-08-31	2023-09-03	ei5.proc@tpco.ir	Electrical	ABB	Spare Part	Manager		Tabriz Petrochemical Co.	29
0254100	Technical offer	Indent	2023-09-03	2023-09-02	m4.1.proc@tpco.ir	Mechanic	TST	Spare Part	Manager		Tabriz Petrochemical Co.	27
020122	Technical offer	Indent	2023-08-30	2023-08-30	Zarkoob.f@arpc.ir	Instrument	"ENRAF" LEVEL TRANSMITTER (SERVO)	Spare Part	Manager		Arak (Shahzand) Petrochemical Co.	12
0254099	Technical offer	Indent	2023-08-28	2023-09-05	ei7.proc@tpco.ir	Electrical	Merlo	Spare Part	Manager		Tabriz Petrochemical Co.	16
980166	Request	Indent	2023-08-31	2023-09-04	Karimpour.s@arpc.ir	Mechanic	"SABROE" REFRIGERATOR UNIT	Spare Part	Manager	Action No.1: 31 Aug 2023, Asking Name plate	Arak (Shahzand) Petrochemical Co.	3
0046012	Technical offer	Indent	2023-08-31	2023-09-10	info@fajr.ir	Mechanic	AUMA	Spare Part	Manager		Fajr Petrochemical co.	20
PM4021342	Technical offer	Indent	2023-08-31	2023-09-02	Mshirzadeh@bakhtargroup.com	Instrument	Emerson	Complete Assembly	Manager		MIANDOAB PETROCHEMICAL Co	28
05399	Decline	Indent	2023-08-31	2023-09-12	info@indentsystem.kpc	Mechanic	Valve	Complete Assembly	Manager	ولو برنزی سرطانه	Khark Petrochemical Co	13
0047629	Technical offer	Indent	2023-08-30	2023-09-05	info@fajr.ir	Mechanic	Flucon Valves	Complete Assembly	Manager		Fajr Petrochemical co.	18
768	Shipping	Indent	2023-08-30	2023-08-30	sales@pantatec.ae	Electrical	1	Spare Part	Manager		Fajr Petrochemical co.	2
9632004	Close	Indent	2023-07-23	2023-08-31	info@fajr.ir	Mechanic	GE	Spare Part	Manager		Fajr Petrochemical co.	22
0220014	Technical offer	Indent	2023-09-04	2023-09-09	info@fajr.ir	Electrical	Motor Siemens	Complete Assembly	Manager		Fajr Petrochemical co.	20
95104	Request	Indent	2023-08-22	2023-09-02	akhalifeh@mpc.ir	Electrical	"ABB"SWITCHGEAR POWERSTATION	Spare Part	Manager		Marun Petrochemical Co	30
020413	Request	Indent	2023-08-30	2023-09-04	snasari@mpc.ir	Mechanic	"B.L." AUTOMATIC BAGGING MACHINE	Spare Part	Manager		Marun Petrochemical Co	32
020926	Request	Indent	2023-08-26	2023-08-31	simorgh.s@arpc.ir	Mechanic	"JOUCOMATIC" SOLENOID VALVE	Spare Part	Manager		Arak (Shahzand) Petrochemical Co.	33
0247539	Request	Indent	2023-08-20	2023-08-31	info@fajr.ir	Mechanic	Bray Valve	Complete Assembly	Manager		Fajr Petrochemical co.	18
9847567	Request	Indent	2023-08-26	2023-08-31	info@fajr.ir	Mechanic	((AMRI-KSB)) BUTTERFLY VALVE	Spare Part	Manager		Fajr Petrochemical co.	22
4020088	Commercial offer	Indent	2023-08-30	2023-08-31	NZamani@lpcco.ir	Electrical	CAM SWITCHES	Spare Part	Manager		LALEH PETROCHEMICAL Co.	36
021139	Commercial offer	Indent	2023-08-30	2023-08-31	msaffari@bakhtargroup.com	Electrical	TRIDONIC	Spare Part	Manager		Kavian Petrochemical Company (KPC)	25
73128	Placing the Order	Indent	2023-08-30	2023-09-30	E-Procurement@aryasasol.com	Instrument	Siemens instrument	Spare Part	Manager		ARYASASOL POLYMER Co.	37
74090	Placing the Order	Indent	2023-03-02	2023-06-02	E-Procurement@aryasasol.com	Electrical	Phonex	Spare Part	Manager		ARYASASOL POLYMER Co.	38
0120454	Technical offer	Indent	2023-02-13	2023-08-31	Abolfathi.M@fajrco.com	Instrument	magnetic level gauge	Complete Assembly	Manager		Fajr Petrochemical co.	20
40120766	Request	Indent	2023-08-14	2023-08-31	b.dami@mjpc.ir	Mechanic	Valve ATURIA	Spare Part	Manager		Marjan Petrochemical co.	39
MF2964	Request	Indent	2023-08-30	2023-08-30	scm3@albijjar.ae	Mechanic	GE Gas Turbine	Spare Part	Manager		AL Bijjar Trading (FZC)	8
021358	Commercial offer	Indent	2023-08-30	2023-08-31	MMosayebi@bakhtargroup.com	Instrument	P+F	Spare Part	Manager		Kavian Petrochemical Company (KPC)	11
71318	Placing the Order	Indent	2023-08-30	2023-11-30	E-Procurement@aryasasol.com	Instrument	Valve	Complete Assembly	Manager		ARYASASOL POLYMER Co.	42
002528	CO Win	Indent	2023-09-29	2023-09-05	Shirmast.SH@arpc.ir	Mechanic	Azbil Yamatec	Spare Part	Manager		Arak (Shahzand) Petrochemical Co.	43
021128	Technical Confirmation	Indent	2023-08-30	2023-09-01	msaffari@bakhtargroup.com	Mechanic	VOSSLOH-SCHWABE	Spare Part	Manager		Kavian Petrochemical Company (KPC)	25
0047533	Technical Confirmation	Indent	2023-08-23	2023-09-01	info@fajr.ir	Mechanic	FLUCON VALVE	Complete Assembly	Manager		Fajr Petrochemical co.	22
0244012	Technical offer	Indent	2023-07-02	2023-08-31	ei8.proc@tpco.ir	Mechanic	Bush Pump	Spare Part	Manager	فرم پر شود	Tabriz Petrochemical Co.	31
990963	Request	Indent	2023-08-01	2023-09-01	ATalavari@mpc.ir	Mechanic	Sumitomo	Spare Part	Manager		Marun Petrochemical Co	50
4020268	Request	Indent	2023-08-28	2023-09-01	skhojastehmanesh@lpcco.ir	Electrical	"STAHL" ELECTROMOTOR	Complete Assembly	Manager		LALEH PETROCHEMICAL Co.	45
75991	Purchase Order	Indent	2023-08-31	2023-09-01	info@fajr.ir	Mechanic	PEROLO	Spare Part	Manager		ARYASASOL POLYMER Co.	42
76525	Request	Indent	2023-08-29	2023-09-01	E-Procurement@aryasasol.com	Mechanic	DWM COPLAND	Complete Assembly	Manager		ARYASASOL POLYMER Co.	51
40140-505	Request	Indent	2023-08-19	2023-09-01	s@s.ir	Instrument	GAS DETECTOR CARD	Spare Part	Manager		Damavand  PC	52
0043068	Technical offer	Indent	2023-09-02	2023-09-01	E1.Proc@tpco.ir	Mechanic	Fisher	Spare Part	Manager		Tabriz Petrochemical Co.	49
15290	Technical offer	Tender	2023-09-02	2023-09-01	kohan@khipc.com	Mechanic	Lapping machine	Complete Assembly	Manager		Khark Petrochemical Co	46
972121	Technical offer	Indent	2023-06-23	2023-09-01	Karimpour.s@arpc.ir	Mechanic	Lesser	Complete Assembly	Manager		Arak (Shahzand) Petrochemical Co.	53
0045045	Quotation	Indent	2023-09-02	2023-09-05	g4.proc@tpco.ir	Mechanic	MECAFRANCE BALL VALVE	Spare Part	Manager		Tabriz Petrochemical Co.	4
0246747	Commercial offer	Indent	2023-09-02	2023-09-03	info@fajr.ir	Electrical	FINDER	Spare Part	Manager		Fajr Petrochemical co.	6
40210670	Commercial offer	Indent	2023-08-30	2023-08-31	NHosseini@bakhtargroup.com	Mechanic	Bitzer	Complete Assembly	Manager		Mahabad Petrochemical Company	35
020517	Technical offer	Indent	2023-09-04	2023-09-05	Delaviz.P@arpc.ir	Instrument	OMNI INSTRUMENTS Ltd	Complete Assembly	Manager		Arak (Shahzand) Petrochemical Co.	48
02093	Request	Indent	2023-09-03	2023-09-07	sghanavatei@mpc.ir	Instrument	"ASA" FLOW TRANSMITTER	Complete Assembly	Manager		Marun Petrochemical Co	10
58565	Request	Indent	2023-09-03	2023-08-31	amin.hayat@aryasasol.com	Mechanic	SAPAG , VALVE,RELIEF	Complete Assembly	Manager		ARYASASOL POLYMER Co.	41
0142202	Request	Indent	2023-09-04	2023-09-13	info@fajr.ir	Mechanic	MANNESMANN DEMAG)) AIR COMPRESSOR	Spare Part	Manager		Fajr Petrochemical co.	22
40020676	Technical offer	Indent	2023-09-04	2023-09-05	S.Ebadolahi@bakhtargroup.com	Instrument	Endress	Complete Assembly	Manager		Mahabad Petrochemical Company	44
0146744	Close	Indent	2023-07-15	2023-09-01	info@fajr.ir	Mechanic	((ALSTOM)) MISCELLANEOS PARTS	Spare Part	Manager		Fajr Petrochemical co.	22
02447540	Technical offer	Indent	2023-09-04	2023-08-31	info@fajr.ir	Mechanic	GOODWIN,  CHECK VALVE	Complete Assembly	Manager		Fajr Petrochemical co.	18
0246056	Technical offer	Indent	2023-08-29	2023-09-01	info@fajr.ir	Instrument	NUMATICS	Spare Part	Manager		Fajr Petrochemical co.	20
0240092	Technical offer	Indent	2023-09-06	2023-08-31	a.sabzevari@akpc.ir	Instrument	HONEYWELL	Spare Part	Manager		Amir Kabir Petrochemical co.	34
76032	Request	Indent	2023-07-19	2023-09-03	E-Procurement@aryasasol.com	Mechanic	HYDAC	Spare Part	Manager		ARYASASOL POLYMER Co.	17
0135912	Request	Indent	2023-09-06	2023-08-31	info@fajr.ir	Mechanic	FISHER CONTROLS)) CONTROL VALVE	Spare Part	Manager		Fajr Petrochemical co.	22
0244019	Technical offer	Indent	2023-09-06	2023-08-31	m6.proc@tpco.ir	Mechanic	Parker	Spare Part	Manager		Tabriz Petrochemical Co.	40
76293	Purchase Order	Indent	2023-08-30	2023-09-01	E-Procurement@aryasasol.com	Mechanic	Nord	Spare Part	Manager		ARYASASOL POLYMER Co.	54
0246057	Close	Indent	2023-09-06	2023-09-03	info@fajr.ir	Instrument	HONEYWELL GAS DETECTORS	Spare Part	Manager		Fajr Petrochemical co.	20
002375	Request	Indent	2023-07-05	2023-09-01	Ramezani.M@arpc.ir	Mechanic	"HONEYWELL" ELECTRIC LINER VALVE ACTUATORS	Complete Assembly	Manager		Arak (Shahzand) Petrochemical Co.	55
0234028	Technical offer	Indent	2023-08-30	2023-09-05	ei5.proc@tpco.ir	Electrical	ABB	Spare Part	Manager		Tabriz Petrochemical Co.	29
4020381	Commercial offer	Indent	2023-09-13	2023-08-28	SKhojastehmanesh@Lpcco.ir	Instrument	Siemens	Spare Part	Administrative Team No.1		LALEH PETROCHEMICAL Co.	45
75183	Request	Indent	2023-09-01	2023-09-05	E-Procurement@aryasasol.com	Mechanic	OLAER  , BLADDER,ACCUMULATOR:	Spare Part	Manager		ARYASASOL POLYMER Co.	57
40210372	Request	Indent	2023-07-25	2023-09-01	S.Ebadolahi@bakhtargroup.com	Mechanic	KOBELCO	Spare Part	Manager		Mahabad Petrochemical Company	44
0242030	Technical Revise	Indent	2023-09-01	2023-09-04	m3.proc@tpco.ir	Electrical	Heater	Spare Part	Manager		Tabriz Petrochemical Co.	58
74920	Commercial offer	Indent	2023-08-29	2023-09-01	E-Procurement@aryasasol.com	Mechanic	ANDERSON GREENWOOD CROSBY	Spare Part	Manager		ARYASASOL POLYMER Co.	17
0131516	Commercial offer	Indent	2023-08-29	2023-09-05	n.emamhasani@akpc.ir	Instrument	ASCO	Complete Assembly	Manager		Amir Kabir Petrochemical co.	59
021137	Request	Indent	2023-08-30	2023-09-01	MMosayebi@bakhtargroup.com	Instrument	OVAL	Complete Assembly	Manager		Kavian Petrochemical Company (KPC)	11
14642	Request	Indent	2023-08-29	2023-09-01	r.ghomeshi@wahdatindustrial.com	Mechanic	GE Parts	Spare Part	Manager		wahdatindustrial	60
5056	Request	Indent	2023-08-01	2023-09-01	m.najafi@paupc.com	Mechanic	Renk	Spare Part	Manager		Pardis Petrochemical co	61
021206	Commercial offer	Indent	2023-08-30	2023-09-01	KPanahi@bakhtargroup.com	Mechanic	Parker	Spare Part	Manager		Kavian Petrochemical Company (KPC)	15
001620	CO Win	Indent	2023-08-16	2023-09-18	Seyedghasemi.S@arpc.ir	Instrument	Bently Nevada	Spare Part	Manager		Arak (Shahzand) Petrochemical Co.	63
5522	CO Win	Indent	2023-08-27	2023-08-27	pourpanah@paupc.com	Instrument	Bently Nevada	Spare Part	Manager		Pardis Petrochemical co	64
020330	CO Win	Indent	2023-09-02	2023-09-02	Abdolrahimi.MH@arpc.ir	Mechanic	TEIKOKU	Spare Part	Manager		Arak (Shahzand) Petrochemical Co.	66
74706	CO Win	Indent	2023-08-10	2023-09-12	parisa.asadi@aryasasol.com	Mechanic	CROSBY	Spare Part	Manager		ARYASASOL POLYMER Co.	67
140040392	Purchase Order	Tender	2022-03-02	2023-09-12	m.milani@parspc.ir	Mechanic	GO Regulator	Spare Part	Manager		PARS PETROCHEMICAL Co.	68
013287	Purchase Order	Indent	2023-03-11	2023-09-11	MMosayebi@bakhtargroup.com	Instrument	AGATE	Complete Assembly	Manager		Kavian Petrochemical Company (KPC)	11
0245916	CO Win	Indent	2023-08-12	2023-08-15	Abolfathi.M@fajrco.com	Instrument	Bently Nevada	Spare Part	Manager		Fajr Petrochemical co.	20
002801	Purchase Order	Tender	2023-08-20	2023-08-22	Karbalaeian.MS@arpc.ir	Mechanic	FERGO	Complete Assembly	Manager		Arak (Shahzand) Petrochemical Co.	62
011139	CO Win	Indent	2023-09-02	2023-09-02	MMohabatdoost@mpc.ir	Mechanic	MORGAN	Spare Part	Manager		Marun Petrochemical Co	65
021234	Request	Indent	2023-09-02	2023-09-05	coswinmail@arpc.ir	Mechanic	CROSBY	Spare Part	Manager		Arak (Shahzand) Petrochemical Co.	7
0145951	Shipping	Indent	2023-09-02	2023-09-02	raeeszadeh.e@fajrco.com	Instrument	HOCHIKI PUNK STICK	Spare Part	Sales Team No.1		Fajr Petrochemical co.	70
9743214	Commercial offer	Tender	2023-09-09	2023-09-05	ei5.proc@tpco.ir	Electrical	Siemens Motor	Complete Assembly	Administrative Team No.1		Tabriz Petrochemical Co.	29
0234029	Technical offer	Indent	2023-09-03	2023-09-01	ei5.proc@tpco.ir	Electrical	"MERLIN GERIN" CIRCUIT BREAKER	Spare Part	Manager		Tabriz Petrochemical Co.	29
0142084	Placing the Order	Indent	2023-08-29	2023-09-01	m3.proc@tpco.ir	Mechanic	MAAG	Spare Part	Manager		Tabriz Petrochemical Co.	58
012700	Commercial offer	Indent	2023-09-03	2023-09-03	Goodarzi.Z@arpc.ir	Instrument	Bently Nevada	Spare Part	Manager		Arak (Shahzand) Petrochemical Co.	7
9847563	Technical offer	Indent	2023-09-03	2023-09-13	NADARAM@GMAIL.COM	Instrument	KSB	Spare Part	Technical Team No.2		Fajr Petrochemical co.	18
0244016	Commercial offer	Indent	2023-09-03	2023-09-08	ei5.proc@tpco.ir	Electrical	Siemens Motor	Complete Assembly	Manager		Tabriz Petrochemical Co.	29
0142103	Technical offer	Indent	2023-09-03	2023-09-05	m3.proc@tpco.ir	Mechanic	KSB PUMP	Spare Part	Manager		Tabriz Petrochemical Co.	58
0246755	Close	Indent	2023-09-28	2023-09-05	info@fajr.ir	Electrical	ABB	Spare Part	Manager		Fajr Petrochemical co.	6
992220	Request	Indent	2023-09-03	2023-09-10	Abdolrahimi.MH@arpc.ir	Mechanic	KTI	Spare Part	Manager		Arak (Shahzand) Petrochemical Co.	73
0246767	Request	Indent	2023-09-03	2023-09-10	zahiriraad.k@fajrco.com	Instrument	BENNING	Spare Part	Manager	درخواست سریال نامبر دستگاه	Fajr Petrochemical co.	6
4021398	Technical offer	Indent	2023-09-03	2023-09-01	Mshirzadeh@bakhtargroup.com	Mechanic	Pressure Regulator Globe Valve	Spare Part	Manager		MIANDOAB PETROCHEMICAL Co	28
0036178	Request	Indent	2023-09-03	2023-09-04	m.shafaei@akpc.ir	Instrument	ALSTOM	Spare Part	Manager		Amir Kabir Petrochemical co.	2
0133019	Technical offer	Indent	2023-07-09	2023-09-04	ei8.proc@tpco.ir	Instrument	ASHCROFT	Complete Assembly	Manager		Tabriz Petrochemical Co.	31
76033	Purchase Order	Indent	2023-08-15	2023-08-17	bagher.aladaghloo@aryasasol.com	Mechanic	Filtration Group (formerly Mahle Industrial Filtration)	Spare Part	Manager		ARYASASOL POLYMER Co.	57
0247541	Close	Indent	2023-09-29	2023-09-30	info@fajr.ir	Mechanic	GESTRA ,  DUAL PLATE CHECK VALVE	Complete Assembly	Manager	ساپلایر میدونسته مال ایران	Fajr Petrochemical co.	1
4020056	Technical offer	Indent	2023-09-03	2023-09-09	skhojastehmanesh@laleh-pc.co	Instrument	KIDDE	Spare Part	Manager		LALEH PETROCHEMICAL Co.	45
0244023	Technical offer	Indent	2023-09-04	2023-09-16	ei5.proc@tpco.ir	Electrical	VEM	Complete Assembly	Technical Team No.2		Tabriz Petrochemical Co.	76
4013224	Shipping	Indent	2023-09-02	2023-09-02	a.banaie@jpcomplex.com	Instrument	Ansell	Complete Assembly	Sales Team No.1		Jam Petrochemical Company	71
011492	Po Lead Time	Indent	2023-08-30	2023-10-30	MMosayebi@bakhtargroup.com	Instrument	Fives	Spare Part	Manager		Kavian Petrochemical Company (KPC)	11
002551	Request	Indent	2023-09-03	2023-09-06	Soleymani.AZ@arpc.ir	Mechanic	CANNED PUMP	Complete Assembly	Manager	اینو قرار شده که یک جایگزین پمپ اروپایی بدیم	Arak (Shahzand) Petrochemical Co.	75
0254111	Technical offer	Indent	2023-09-03	2023-09-05	ei3.proc@tpco.ir	Instrument	Yokogawa Variable Area Flowmeter	Complete Assembly	Manager		Tabriz Petrochemical Co.	74
0246615	Technical offer	Indent	2023-09-12	2023-09-19	zahiriraad.k@fajrco.com	Instrument	FELM	Spare Part	Manager	باید تماس بگیرم	Fajr Petrochemical co.	6
4020466	Technical offer	Indent	2023-08-07	2023-09-01	m.mashi@jpcomplex.com	Mechanic	Pome Morgan  , Pump	Spare Part	Manager		Jam Petrochemical Company	56
0243034	Quotation	Indent	2023-09-03	2023-09-11	ei3.proc@tpco.ir	Mechanic	GTI	Complete Assembly	Technical Team No.2		Tabriz Petrochemical Co.	74
14252	Placing the Order	Indent	2023-08-28	2023-09-02	BAfzali@mpc.ir	Electrical	Jumo	Spare Part	Manager		Marun Petrochemical Co	69
012055	Technical offer	Indent	2023-09-03	2023-09-04	Shahrokhi.E@arpc.ir	Mechanic	JESCO	Complete Assembly	Manager	این درخواستو قبلا فرستادیم دوباره اومده \r\nتاریخ نامه عوض و دوباره ارسال شد rev-03	Arak (Shahzand) Petrochemical Co.	47
4013746	Technical offer	Indent	2023-09-03	2023-09-05	M_Barati@jpcomplex.com	Instrument	Agilent	Spare Part	Manager		Jam Petrochemical Company	78
140140284	Po Lead Time	Tender	2023-08-23	2023-09-04	m.gholami@parspc.ir	Instrument	MTL	Spare Part	Manager		PARS PETROCHEMICAL Co.	79
9843059	Delivery of Documents	Indent	2023-09-09	2023-09-07	ei8.proc@tpco.ir	Mechanic	Fisher Spare Parts	Spare Part	Manager		Tabriz Petrochemical Co.	31
011911	Request	Indent	2023-09-04	2023-09-10	Goodarzi.Z@arpc.ir	Instrument	HONEYWELL	Spare Part	Manager		Arak (Shahzand) Petrochemical Co.	7
0247540	Technical offer	Indent	2023-09-04	2023-09-05	info@fajr.ir	Mechanic	GOODWIN RETAINER LESS WAFER CHECK VALVE	Complete Assembly	Manager		Fajr Petrochemical co.	81
0235056	Commercial offer	Indent	2023-09-04	2023-09-04	g4.proc@tpco.ir	Mechanic	KSB , SISTO-20	Complete Assembly	Manager		Tabriz Petrochemical Co.	4
990192	Technical offer	Indent	2023-09-06	2023-09-07	LBalalzadeh@mpc.ir	Electrical	ABB MISCELLANEOUS PARTS	Spare Part	Manager		Marun Petrochemical Co	77
0246766	Technical offer	Indent	2023-09-06	2023-09-10	nadaram@gmail.com	Mechanic	ESITAS	Spare Part	Technical Team No.2		Fajr Petrochemical co.	6
012834	Quotation	Indent	2023-08-23	2023-09-04	Delaviz.P@arpc.ir	Instrument	"HONEYWELL" HYDROCARBON GAS DETECTO	Complete Assembly	Manager		Arak (Shahzand) Petrochemical Co.	48
0246773	Request	Indent	2023-09-04	2023-09-11	zahiri.k@fajrco.com	Electrical	Telecontrol Italy	Complete Assembly	Manager		Fajr Petrochemical co.	6
6066	Technical offer	Indent	2023-09-05	2023-09-11	h.mousavi@paupc.com	Instrument	SWAGELOK, 3: KROHNE	Spare Part	Manager		Pardis Petrochemical co	82
4020170	Commercial offer	Indent	2023-08-26	2023-09-05	NZamani@lpcco.ir	Mechanic	AIRTORQUE S.p.A.	Complete Assembly	Manager		LALEH PETROCHEMICAL Co.	36
15531	Request	Indent	2023-09-05	2023-09-19	a.mousavi@khipc.com	Instrument	??	Spare Part	Technical Team No.2		Khark Petrochemical Co	82
020925	Request	Indent	2023-09-05	2023-09-06	alidadi.e@arpc.ir	Instrument	"HONEYWELL LUCIFER" SOLENOID VALVES	Complete Assembly	Manager		Arak (Shahzand) Petrochemical Co.	87
4020310	Technical Revise	Indent	2023-09-05	2023-09-11	SKhojastehmanesh@Lpcco.ir	Instrument	KBR	Spare Part	Manager		LALEH PETROCHEMICAL Co.	45
4020449	Commercial offer	Indent	2023-09-03	2023-09-13	M_Barati@jpcomplex.com	Instrument	Agilent	Spare Part	Manager		Jam Petrochemical Company	78
140246071	Commercial offer	Tender	2023-09-04	2023-09-12	m.gholami@parspc.ir	Instrument	MTL	Spare Part	Manager		PARS PETROCHEMICAL Co.	79
0244024	Request	Tender	2023-09-05	2023-09-12	ei5.proc@tpco.ir	Mechanic	KSB	Complete Assembly	Manager		Tabriz Petrochemical Co.	29
021498	Technical offer	Indent	2023-08-15	2023-09-05	KPanahi@bakhtargroup.com	Mechanic	PEPPERL+FUCHS	Spare Part	Manager		Kavian Petrochemical Company (KPC)	15
992267	Request	Indent	2023-09-04	2023-09-10	askari.sm@arpc.ir	Mechanic	DRESSER-RAND	Spare Part	Manager		Arak (Shahzand) Petrochemical Co.	80
140140088	Request	Indent	2023-09-04	2023-09-10	m.gidfar@parspc.ir	Instrument	"ROSEMOUNT" GAS CHROMATOGRAPH TRANSMITTER	Spare Part	Manager		PARS PETROCHEMICAL Co.	88
0243076	Technical offer	Indent	2023-09-06	2023-09-12	ei8.proc@tpco.ir	Mechanic	YOKOGAWA	Complete Assembly	Manager		Tabriz Petrochemical Co.	31
76598	Technical Confirmation	Indent	2023-09-05	2023-09-12	E-Procurement@aryasasol.com	Electrical	MTL	Complete Assembly	Manager		ARYASASOL POLYMER Co.	21
020047	Technical offer	Tender	2023-09-06	2023-09-11	sghanavatei@mpc.ir	Instrument	ALN-9654 G Inlay	Spare Part	Manager		Marun Petrochemical Co	10
4760	Technical Revise	Indent	2023-09-05	2023-09-12	m.najafi@paupc.com	Instrument	Siemens	Spare Part	Manager		Pardis Petrochemical co	61
010831	Request	Indent	2023-09-05	2023-09-12	Momeni.gh@arpc.ir	Mechanic	"CON-TEK" VALVE BODY	Spare Part	Manager		Arak (Shahzand) Petrochemical Co.	86
01005	Request	Indent	2023-09-05	2023-09-12	braeesi@mpc.ir	Mechanic	"CROSBY" PRESSURE RELIEFE VALVE	Complete Assembly	Manager		Marun Petrochemical Co	5
01002	Technical Revise	Indent	2023-09-06	2023-09-05	mryazdani@mpc.ir	Instrument	Nuovo Fima	Complete Assembly	Manager		Marun Petrochemical Co	72
020241	Technical Revise	Indent	2023-08-20	2023-09-06	Shirmast.SH@arpc.ir	Instrument	KROHNE Magnetic level gauge BM26	Complete Assembly	Manager		Arak (Shahzand) Petrochemical Co.	43
9936090	Request	Indent	2023-09-06	2023-09-11	m.shafaei@akpc.ir	Electrical	ALSTOM Microverter	Spare Part	Manager		Arak (Shahzand) Petrochemical Co.	2
000377	Technical offer	Indent	2023-09-07	2023-09-11	mryazdani@mpc.ir	Electrical	ABB	Spare Part	Technical Team No.2	Name Plate	Marun Petrochemical Co	72
4012490	Technical Confirmation	Indent	2023-09-08	2023-09-11	M_Barati@jpcomplex.com	Instrument	WELLER PROFESSIONAL	Spare Part	Manager		Jam Petrochemical Company	78
0243082	Technical offer	Indent	2023-09-08	2023-09-12	g4.proc@tpco.ir	Mechanic	Weezhong	Spare Part	Manager		Tabriz Petrochemical Co.	4
0246763	Technical offer	Tender	2023-09-06	2023-09-10	nadaram@gmail.com	Mechanic	firetrol	Complete Assembly	Technical Team No.2		Fajr Petrochemical co.	6
140140286	Technical Confirmation	Indent	2023-08-14	2023-08-21	m.gholami@parspc.ir	Instrument	SAAB	Spare Part	Manager		PARS PETROCHEMICAL Co.	79
0140838	Technical Confirmation	Indent	2023-09-09	2023-09-12	E-Procurement@aryasasol.com	Instrument	Siemens	Spare Part	Manager		Amir Kabir Petrochemical co.	17
140130449	Commercial offer	Indent	2023-09-09	2023-09-05	m.azarang@parspc.ir	Mechanic	Dräger	Spare Part	Administrative Team No.1		PARS PETROCHEMICAL Co.	84
010828	Technical offer	Indent	2023-09-05	2023-09-12	goodarzi.z@arpc.ir	Electrical	BERTHOLD, BELGIUM	Spare Part	Manager		Arak (Shahzand) Petrochemical Co.	7
01570019	Commercial offer	Indent	2023-09-12	2023-09-10	h.siahpoosh@zpcir.com	Mechanic	Valve	Complete Assembly	Administrative Team No.1		ZAGROS PETROCHEMICAL Co.	85
9943079	Technical offer	Tender	2023-09-06	2023-09-12	ei8.proc@tpco.ir	Mechanic	Fisher Parts Valve	Spare Part	Manager		Tabriz Petrochemical Co.	31
15268	Technical offer	Tender	2023-09-05	2023-09-19	a.mousavi@khipc.com	Instrument	PROVAL	Complete Assembly	Technical Team No.2		Khark Petrochemical Co	82
4013690	Inquiry	Indent	2023-09-14	2023-09-21	h.sharafi@jpcomplex.com	Mechanic	alkitronic	Spare Part	Manager		Jam Petrochemical Company	105
0244022	Request	Tender	2023-09-04	2023-09-10	ei5.proc@tpco.ir	Instrument	ZIEHL	Spare Part	Manager		Tabriz Petrochemical Co.	29
0233013	Technical offer	Indent	2023-09-06	2023-09-12	ei8.proc@tpco.ir	Instrument	"YOKOGAWA" ELECTRONIC PRESSURE TRANSMITTERS	Complete Assembly	Manager		Tabriz Petrochemical Co.	31
0242036	Commercial offer	Indent	2023-09-10	2023-09-10	m5.proc@tpco.ir	Mechanic	Detroit Diesel	Spare Part	Administrative Team No.1		Tabriz Petrochemical Co.	90
0242042	Request	Indent	2023-09-09	2023-09-11	ei7.proc@tpco.ir	Mechanic	"PLANETROIL" VARIABLE-SPEED GEARS	Complete Assembly	Manager		Tabriz Petrochemical Co.	16
021687	Request	Indent	2023-09-13	2023-09-20	hoseini.sb@arpc.ir	Instrument	BUHLER	Spare Part	Manager		Arak (Shahzand) Petrochemical Co.	100
981035	Request	Indent	2023-09-11	2023-09-18	MMohabatdoost@mpc.ir	Mechanic	SUMITOMOCYCLO	Complete Assembly	Manager		Marun Petrochemical Co	91
0246783	Close	Indent	2023-09-10	2023-09-11	zahiri.k@fajrco.com	Instrument	SIemens	Spare Part	Manager		Fajr Petrochemical co.	6
012425	Request	Indent	2023-09-13	2023-09-20	soleymani.az@arpc.ir	Instrument	"EAGLE" ONLINE VIBRATION MONITORIN	Spare Part	Manager		Arak (Shahzand) Petrochemical Co.	75
012325	Technical Revise	Indent	2023-09-11	2023-09-13	alidadi.e@arpc.ir	Mechanic	Spirax Sarco	Complete Assembly	Manager		Arak (Shahzand) Petrochemical Co.	87
140030588	Technical Confirmation	Indent	2023-09-12	2023-09-12	a.akbari@parspc.ir	Mechanic	ENVIROTECH	Complete Assembly	Manager		PARS PETROCHEMICAL Co.	92
15121	Technical Confirmation	Indent	2023-09-12	2023-09-12	Khark@khark.ir	Electrical	EATON	Complete Assembly	Manager		Khark Petrochemical Co	13
0043080	Technical Confirmation	Indent	2023-09-12	2023-09-12	ei3.proc@tpco.ir	Mechanic	BUCHI	Spare Part	Manager		Tabriz Petrochemical Co.	74
0042099	Commercial offer	Indent	2023-09-12	2023-09-12	m3.proc@tpco.ir	Mechanic	"SEFAR" BELT FILTER	Spare Part	Administrative Team No.1		Tabriz Petrochemical Co.	58
40010204	Request	Indent	2023-09-10	2023-09-30	S.Ebadolahi@bakhtargroup.com	Electrical	LEROY SOMER	Spare Part	Sales Team No.1		Mahabad Petrochemical Company	44
991245	Commercial offer	Indent	2023-09-12	2023-09-10	karimpour.s@arpc.ir	Mechanic	Robert Shaw	Complete Assembly	Administrative Team No.1		Arak (Shahzand) Petrochemical Co.	3
0140808	Commercial offer	Indent	2023-08-30	2023-09-12	a.monshizadeh@akpc.ir	Mechanic	R. STAHL	Spare Part	Manager		Amir Kabir Petrochemical co.	93
2300000219	Inquiry	Indent	2023-09-12	2023-09-19	sayanth@petra-energy.co	Mechanic	GE	Spare Part	Technical Team No.2		petra energy	94
0130669	Technical Confirmation	Tender	2023-08-22	2023-09-12	dehghan.noodeh@gmail.com	Mechanic	TECO	Complete Assembly	Manager		Mobin Petrochemical co.	96
KAS-981035	Request	Indent	2023-09-11	2023-09-21	MMohabatdoost@mpc.ir	Mechanic	SUMITOMOCYCLO	Complete Assembly	Sales Team No.1		Marun Petrochemical Co	65
0243080	Technical offer	Indent	2023-09-12	2023-09-09	ei8.proc@tpco.ir	Mechanic	Rosemount	Complete Assembly	Technical Team No.2		Tabriz Petrochemical Co.	31
021673	Technical offer	Indent	2023-09-12	2023-09-25	MBaniasad@Bakhtargroup.com	Mechanic	SIEMENS	Complete Assembly	Sales Team No.1		Kavian Petrochemical Company (KPC)	95
980617	Request	Indent	2023-09-12	2023-09-19	vshakibfar@mpc.ir	Electrical	"ANSALDO"SWITCHGEAR	Spare Part	Manager		Marun Petrochemical Co	101
9945010	Request	Indent	2023-08-22	2023-09-13	m4.proc@tpco.ir	Mechanic	KSB	Complete Assembly	Manager		Tabriz Petrochemical Co.	102
021667	Request	Indent	2023-09-10	2023-09-25	Mohammadi.H@arpc.ir	Mechanic	Valve	Complete Assembly	Sales Team No.1		Arak (Shahzand) Petrochemical Co.	1
021741	Request	Indent	2023-09-10	2023-09-25	seyedghasemi.s@arpc.ir	Mechanic	BADOTHERM	Spare Part	Sales Team No.1		Arak (Shahzand) Petrochemical Co.	63
PKS021537KA	Request	Indent	2023-09-12	2023-09-17	msaffari@bakhtargroup.com	Electrical	TEKNIC	Complete Assembly	Sales Team No.1		Kavian Petrochemical Company (KPC)	25
0044034	Technical Revise	Indent	2023-09-13	2023-09-13	ei3.proc@tpco.ir	Mechanic	SEW	Complete Assembly	Manager		Tabriz Petrochemical Co.	74
02020	CO Lose	Indent	2022-12-12	2023-09-13	sghanavatei@mpc.ir	Mechanic	Nouvo Pignone SERVO VALVE REO04267	Spare Part	Manager		Marun Petrochemical Co	10
010936	Request	Indent	2023-09-12	2023-09-13	Ghadami.H@arpc.ir	Mechanic	SIEX – GRUPO KOMTES	Complete Assembly	Manager		Arak (Shahzand) Petrochemical Co.	97
0246782	Request	Indent	2023-09-12	2023-09-17	info@rittal.de	Mechanic	((RITTAL)) CUBICLE,	Spare Part	Manager		Fajr Petrochemical co.	6
0154048	Request	Indent	2023-09-10	2023-09-13	ei5.proc@tpco.ir	Mechanic	Wingfan	Complete Assembly	Manager		Tabriz Petrochemical Co.	29
011400	Request	Indent	2023-09-11	2023-09-18	MMohabatdoost@mpc.ir	Mechanic	"PROTEGO" DEFLAGRATION	Spare Part	Manager		Marun Petrochemical Co	91
021169	Request	Indent	2023-09-13	2023-09-23	goodarzi.z@arpc.ir	Mechanic	FLOWMETER	Spare Part	Sales Team No.1		Arak (Shahzand) Petrochemical Co.	7
021538	Technical offer	Indent	2023-09-12	2023-09-25	MBaniasad@Bakhtargroup.com	Mechanic	SIEMENS	Complete Assembly	Sales Team No.1		Kavian Petrochemical Company (KPC)	95
021605	Technical offer	Indent	2023-09-12	2023-09-25	MBaniasad@bakhtargroup.com	Mechanic	SIEMENS	Complete Assembly	Sales Team No.1		Kavian Petrochemical Company (KPC)	95
0243006	Technical Confirmation	Indent	2023-07-21	2023-09-17	ei2.proc@tpco.ir	Mechanic	PETROL	Spare Part	Manager		Tabriz Petrochemical Co.	99
26353	Technical offer	Indent	2023-09-11	2023-09-13	khark@khark.ir	Mechanic	Axel Larsson	Complete Assembly	Manager		Khark Petrochemical Co	13
4021268	Technical offer	Indent	2023-09-13	2023-09-13	M_Barati@jpcomplex.com	Mechanic	FROGEN	Complete Assembly	Manager		Jam Petrochemical Company	78
0243075	Technical offer	Indent	2023-09-11	2023-09-26	ei.proc@tpco.ir	Instrument	YOKOGAWA	Spare Part	Sales Team No.1		Tabriz Petrochemical Co.	49
0142124	Request	Tender	2023-07-23	2023-09-13	m3.proc@tpco.ir	Mechanic	Parts for GE	Spare Part	Manager		Tabriz Petrochemical Co.	58
0245006	Technical offer	Indent	2023-07-19	2023-09-12	g4.proc@tpco.ir	Mechanic	Valve	Complete Assembly	Manager		Tabriz Petrochemical Co.	4
012674	Technical offer	Indent	2023-07-17	2023-09-13	Karbalaeian.MS@arpc.ir	Mechanic	GE Parts	Spare Part	Manager	Technical offer rev-02	Arak (Shahzand) Petrochemical Co.	62
0045038	Shipping	Indent	2023-06-20	2023-09-14	g.proc@tpco.ir	Mechanic	KTM VALVE	Complete Assembly	Manager		Tabriz Petrochemical Co.	103
02011	Technical offer	Indent	2023-08-17	2023-09-14	fkolahkaj@mpc.ir	Instrument	Siemens	Spare Part	Manager		Marun Petrochemical Co	104
010744	Technical Revise	Indent	2023-06-10	2023-09-14	braeesi@mpc.ir	Instrument	TELEGAERTNER	Spare Part	Manager		Marun Petrochemical Co	5
0246779	Request	Indent	2023-09-10	2023-09-14	zahiri.k@fajrco.com	Instrument	SCHNEIDER	Spare Part	Manager		Fajr Petrochemical co.	6
021516	Quotation	Indent	2023-09-13	2023-09-20	MEshghi@bakhtargroup.com	Mechanic	DRUVA	Spare Part	Sales Team No.1		Kavian Petrochemical Company (KPC)	98
012613	Po Lead Time	Indent	2023-07-25	2023-09-14	Zarkoob.f@arpc.ir	Mechanic	SMC	Spare Part	Manager		Arak (Shahzand) Petrochemical Co.	12
25014	Quotation	Indent	2023-08-13	2023-09-14	khark@khrak.ir	Mechanic	PArker  filter	Spare Part	Manager		Khark Petrochemical Co	13
25090	Request	Indent	2023-09-13	2023-09-14	khark@khark.ir	Mechanic	coleparmer.com	Complete Assembly	Manager		Khark Petrochemical Co	13
970051	Request	Indent	2023-08-20	2023-09-14	LBalalzadeh@mpc.ir	Instrument	Echotel	Complete Assembly	Manager		Marun Petrochemical Co	77
4021548	Inquiry	Indent	2023-09-14	2023-09-21	M_Barati@jpcomplex.com	Instrument	MICROPROGEL " HYDROGEN GENERATOR	Spare Part	Manager		Jam Petrochemical Company	78
\.


--
-- Data for Name: form_orderregistration; Type: TABLE DATA; Schema: public; Owner: django
--

COPY public.form_orderregistration (registration_number, file_number, proforma_invoice_number, date, expire_date, amount, currency, hs_code_1, hs_code_2, hs_code_3, hs_code_4, hs_code_5, bank_confirmation, cbi_confirmation, payment_method, shipper, exchange_office, payeer, payment_tools_number, assign, note) FROM stdin;
\.


--
-- Data for Name: form_orderregistration_inquiries; Type: TABLE DATA; Schema: public; Owner: django
--

COPY public.form_orderregistration_inquiries (id, orderregistration_id, inquiry_id) FROM stdin;
\.


--
-- Data for Name: form_purchaseorder; Type: TABLE DATA; Schema: public; Owner: django
--

COPY public.form_purchaseorder (purchase_order_number, purchase_order_date, manufacture, qty, purchase_order_value, delivery_time, delivery_term, term_of_payment, currency, brand, ordering_date_to_supplier, supplier_delivery_term, supplier_term_of_payment, payeer, duration_of_contract, prepayment, bank_guarantee_number, assign, state, note, customer_id, expert_id, inquiry_id, supplier_id) FROM stdin;
9843059	2023-02-22	fisher	4	1	1	1	1	EURO	1	2023-02-22	1	1	Walid	\N	1	1	Manager	Ordering		Tabriz Petrochemical Co.	31	9843059	Mr. Gray Li
\.


--
-- Data for Name: form_quotation; Type: TABLE DATA; Schema: public; Owner: django
--

COPY public.form_quotation (quotation_number, date, brand, country_of_origin, delivery_time, delivery_term, total_price, currency, validity, replacement, assign, note, customer_id, inquiry_id, request_id_id, supplier_id) FROM stdin;
991245 - Q	2023-08-27	Robert Shaw	USA	\N	\N	4000.00	EURO	1	f	Manager		Arak (Shahzand) Petrochemical Co.	991245	QANOLO51IW	Robert Shaw
\.


--
-- Data for Name: form_requesttoquotation; Type: TABLE DATA; Schema: public; Owner: django
--

COPY public.form_requesttoquotation (request_number, submission_type, address, phone_number, sender_company, date, note, inquiry_id, supplier_id) FROM stdin;
JPDITHW72E	Email	\N	\N	Payanik	2023-08-28		020692	Mr. Gray Li
6SBEDCX4AB	Email	\N	\N	Pantatec	2023-08-28		020692	Automation Berlin Kunz GmbH
666IAKHU4K	Email	SIAD Macchine Impianti Middle East FZC | Ajman Free Zone – UAE P.O. Box 1248, H1-03	Tel/Fax: +971 6 7427	Pantatec	2023-08-28		0140842	SIAD Macchine Impianti Middle East FZC | Ajman Free Zone – UAE
QANOLO51IW	Email	\N	\N	Pantatec	2023-08-23		991245	Robert Shaw
UAWSUB3C09	Email	152 Beach Road #14-03 Gateway East Singapore 189721	\N	Payanik	2023-08-27		0135122	SUNAK VALVE
MXW5A8TLIO	Email	\N	\N	Pantatec	2023-08-23		02068	Industrial Service Solutions
FPAJMW52ZO	Email	\N	\N	Pantatec	2023-08-28		0246724	BARRIQUAND TECHNOLOGIES THERMIQUES
DY4XQ8X74H	Email	\N	\N	Payanik	2023-08-27		05399	SUNAK VALVE
HCX9NFYXH1	Email	info@inotec.co.uk	+44 (0)1482-65	Pantatec	2023-09-05		020047	INOTEC UK
Q4GEDZINNC	Email	\N	\N	Payanik	2023-09-05		0233013	Mr. Gray Li
7JQ188LJB3	Email	\N	\N	Pantatec	2023-09-03		000377	DAC Simotech B.V.
S3O4NLG457	Email	\N	\N	Payanik	2023-09-06		0246057	Mr. Gray Li
CKIE9MUTR6	Email	\N	\N	Payanik	2023-09-05		021669	Mr. Gray Li
GK9O0CJYIP	Email	\N	\N	Payanik	2023-09-05		0233013	Mr. Gray Li
Y7BB4LN32X	Email	\N	\N	Payanik	2023-09-05		0243076	Mr. Gray Li
9ZZ485FFR6	Email	\N	\N	Payanik	2023-08-30		0240092	Mr. Gray Li
GY71RQV5SA	Email	\N	\N	Payanik	2023-08-30		40020676	Mr. Gray Li
FJVFZC7105	Email	\N	\N	Pineapple	2023-01-03		990192	SRIYAM VENTURES
S3G43HJA5D	Email	\N	\N	Pineapple	2023-03-27		002375	SRIYAM VENTURES
F0IW6VWTBQ	Email	\N	\N	Pineapple	2023-09-04		011911	SRIYAM VENTURES
QILD8922NE	Email	\N	\N	Pineapple	2023-08-22		95104	SRIYAM VENTURES
OGAV42E7EZ	Email	\N	\N	Payanik	2023-06-28		02020	ASA Alberto
3ECDMB46LG	Email	Ayman El-Hoss	00 971 50 9547935	Pantatec	2023-08-21	Request Project name	010936	SIEX – GRUPO KOMTES
8WS0AQ1EWO	Email	\N	\N	Payanik	2023-09-09		0243075	Mr. Gray Li
MV147RBWIB	Email	\N	\N	Pantatec	2023-09-13		01005	Valve parts USA
MKZ7S1U1SH	Email	\N	\N	Pantatec	2023-09-12		021605	Automation Berlin Kunz GmbH
O07HJZN63C	Email	\N	\N	Pantatec	2023-09-12		021673	Automation Berlin Kunz GmbH
RLJSAE6S7D	Email	\N	\N	Pantatec	2023-09-12		021538	Automation Berlin Kunz GmbH
\.


--
-- Data for Name: form_shipping; Type: TABLE DATA; Schema: public; Owner: django
--

COPY public.form_shipping (inquiry_id, consignee, country_of_origin, delivery_term, route, booking_date, weight, dimension, packing, non_dual_use_letter, tracking_number, ups_label, bill_of_lading_no, shipper, clause_transit, custom, freight_charge, term_of_payment_to_forwarder, invoice_number, assign, state, note, forwarder_name_id) FROM stdin;
0145951	Fajr Petrochemical Co	UAE	EX WORK	Air Freight	2023-09-04	1.80	30*17*12 CM	1 BOX	f	1	1	1	NRA	CARGO IS IN TRANSIT TO PARS SPECIAL ECONOMIC ENERGY ZONE (PSEEZ) / ASSALUYE. I.R. OF IRAN CUSTOMS VI	CPT IKA	158.00	100% after delivery	402-35312	Sales Team No.1	In Progres	منتظر تایید پکینگ از کارشناس پتروشیمی	Arman Express
768	Pardis Petrochemical Co	Gas Mixtures UAE  Aluminum Cylinders UK	EX WORK	Sea Freight	2023-09-05	82.00	75*50*42CM	1Wooden Pallet	f	1	1	1	NRA	1	CFR Bandar Abbas	1490.00	100% after delivery	402-35210	Sales Team No.1	In Progres		Perse International Forwarding Co.
4013224	Jam Petrochemical Co	Thailand	EX WORK	Sea Freight	2023-08-23	216.00	48*27*39 CM	24 BOX	f	1	1	DSEJEABND0182-23-23 HBL C	NRA	CARGO IS IN TRANSIT TO PARS SPECIAL ECONOMIC ENERGY ZONE (PSEEZ) / ASSALUYE. I.R. OF IRAN CUSTOMS VI	CFR Bandar Abbas	705.00	100% after delivery	402-35111	Sales Team No.1	In Progres	منتظر آپدیت آرین	Perse International Forwarding Co.
\.


--
-- Data for Name: form_supplier; Type: TABLE DATA; Schema: public; Owner: django
--

COPY public.form_supplier (company_name, email, website, contact_person, phone_number, country_of_origin, company_type, brand_no_1, brand_no_2, brand_no_3, brand_no_4, brand_no_5, note) FROM stdin;
Mr. Gray Li	sales@xksensor.com	http://www.xksensor.com	Mr. Gray Li	+86 17623040467	China	Trading Company	Siemens instrument	\N	\N	\N	\N	
Automation Berlin Kunz GmbH	info@automation-berlin.com	http://automation-berlin.com	Mr. Albert Ergart	+49 30 93663981	Germany	Distributer	Siemens instrument	\N	\N	\N	\N	
SIAD Macchine Impianti Middle East FZC | Ajman Free Zone – UAE	mohanan_parambil@e.siad.eu	http://www.siadmi.com	Mohanan K. Parambil	+971 6 7427339	Italy - Dubai	Distributer	"SIAD" COMPRESSOR, MODEL TS1/025-A2	\N	\N	\N	\N	
Robert Shaw	Oleg.Chetverikov@robertshaw.com	http://robertshaw.com	Sir	+79165519192	USA	Manufacturer	TCV (Temperature Control Valve)	Vibration switch "ROBERT SHAW"	\N	\N	\N	
SUNAK VALVE	info@sunak.com.sg	http://www.sunak.com.sg	NANCY	65-63966190	China	Manufacturer	VALVE	\N	\N	\N	\N	
Industrial Service Solutions	info@eindustrialsolutions.com	https://www.eindustrialsolutions.com/	Alisha Cardenas	(888) 996-1152 (888)	USA	Trading Company	Fisher Valve Parts	Valve part	Compressor and Dryer Parts	\N	\N	
BARRIQUAND TECHNOLOGIES THERMIQUES	serge.vallantin@barriquand.com	http://barriquand.com	Serge VALLANTIN	+33 (0)4 78 20 51 62	France	Manufacturer	Plate Heat Exchanger	\N	\N	\N	\N	
Johnson Controls -JCI-Dubai	Oussama.Halabi@jci.com	http://www.johnsoncontrols.com	Oussama Halabi, P.E, CICCM	00971-56-177	USA	Distributer	Johnson Controls	\N	\N	\N	\N	Oussama Halabi, P.E, CICCM\r\nRegional Operations Manager, Middle East & Africa\r\nIndustrial Refrigeration Projects, Service, and Parts\r\nBuilding Technologies & Solutions\r\nJohnson Controls \r\nTwitter: @JohnsonControls • LinkedIn: Johnson-Controls\r\nThe power behind your mission\r\nJohnson Controls\r\nPO Box 31065\r\nThe Rawabeh Building,\r\nUnit Nos.  4, 9, 10 & 11, Level 1,\r\nPlot No. 364-629,\r\nAl Quoz Industrial 1 (Shk Zayed Road)\r\nDubai, UAE
INOTEC UK	info@inotec.co.uk	http://www.inotec.o.uk	x	+44 (0)1482-654	UK	Trading Company	RFID	\N	\N	\N	\N	
PROVAL	proval@proval.co.kr	http://www.proval.co.kr	NON	+82-31-499-4900	Korea	Manufacturer	PROVAL	\N	\N	\N	\N	Address\r\n(15117) 38, MTV 25-RO, 20BEON-GIL, SIHEUNG-SI, GYEONGGI-DO, REPUBLIC OF KOREA\r\nContact Us\r\nTEL : +82-31-499-4900\r\nFAX : +82-31-499-0836\r\nE-MAIL : proval@proval.co.kr
Industrialzone	support@industrialzone.com	https://www.industrialzone.com/	Eric Gadin	713-395-1508	USA	Trading Company	FISHER Valve	Fisher Valve Spare Part	\N	\N	\N	
DP Valves Spare Ltd	sales@dpvalvespares.co.uk	https://valve-spares.com/	x	+44(0)1386 760033	UK	Distributer	Fisher Valve	Parts For Valve	Flowserve	Masoneilan	Serck Glocon	
Valve parts USA	valvepartsusa@gmail.com	https://valvepartsusa.com/	Patty Clark	216-408-1254	USA	Trading Company	Parts For FISHER valve	Keystone	Masoneilan	Bailey	Valtek	
Blu Zac a division of STEELTRADE S.r.l.	r.zanichelli@bluzac.com	https://bluzac.com/	Roberto Zanichelli	1	Italy	Manufacturer	FILTER Y CAST Strainer	Y-TYPE STRAINER	Y Welded – FYWE Filters	Duplex – FDPX Filters	Conical – FCO Filters	
SAPAG VALVE	info@sapag-valves.com	https://sapag-valves.com/en/categorie-produit/butterfly-valves/	x	+33 (0)3 23 81 43 00	France	Manufacturer	Butterfly Valve	Gate Valve	Ball Valve	\N	\N	
DAC Simotech B.V.	sales.nl@dac-simotech.com	http://www.dac-simotech.com	Bastiaan van Beurden	+31 (0)546 660 660	netherlands	Trading Company	ABB Electromotor	Siemens Electromotor	LOHER motors	Siemens Flender Motox	Siemens Flender Flexible couplings	Regards,\r\nBastiaan van Beurden\r\nDAC Simotech B.V.\r\n \r\nEmail:  sales.nl@dac-simotech.com\r\nPhone: +31 (0)546 660 660\r\n \r\nDAC-logo-SnelStart\r\nDAC Simotech B.V.\r\nDe Sluis 37, 7681 KA Vroomshoop, NL\r\nKVK: NL68312512\r\nVAT: NL857386840B01
SRIYAM VENTURES	sriyamventures@gmail.com	http://www.sriyamventures.com	Gruve	+91 33 35677316 / 24	india	Trading Company	ABB	Crosby	Forbess Marshal	\N	\N	SRIYAM VENTURES\r\nISO 9001, ISO SA 8000:2008 Certified\r\nwww.sriyamventures.com, www.utilitypowerventures.com, www.glassjarsbottles.com\r\nGSTIN/UIN: 19AFQPR8030N1ZK  TAN: CALG10737G\r\nIEC NO: 0209022299 UAM NO: WB10D0025629\r\nLEI: 335800B6WLEMEFIJCJ22 GEM ID: 270B200001240924\r\nREGISTERED ADDRESS: 162/A/2, Lake Gardens, Kolkata- 700045\r\nWest Bengal, India\r\nPhones: +91 33 35677316 / 24170660\r\nHotline: +91 9836800341\r\nConnect: +91 9831500341/9836800431/9836700431/9830700431\r\nToll Free: 1800-121-9788
IYYM EPS FZE	mail@iyym.com	http://www.iyym.com	Mabelle Barbosa	00971 44599926	DUBAI	Trading Company	Nord	\N	\N	\N	\N	
Fives Pillard	michel.khadir@fivesgroup.com	http://www.fivesgroup.com	Michel KHADIR	+33 4 91 80 80 02	France	Manufacturer	Pillar	\N	\N	\N	\N	Michel KHADIR\r\nA&I Project Engineer / Ingénieur Projets Analyse\r\nEnergy | Combustion\r\n\r\nFives Pillard\r\nLes Baronnies – Bâtiment A\r\nZAC du Château Gombert – 3 rue Marc Donadille\r\n13013 Marseille - France\r\nTel: +33 4 91 80 80 02\r\nMobile : +33 6 76 28 97 90\r\nmichel.khadir@fivesgroup.com\r\nwww.fivesgroup.com
MONILEK OILFIELD ENTERPRISES	exports6@monilek.com	http://www.monilekgroup.com	Shiju	+971 4 881 8800, E	Dubai	Distributer	PARKER	NOUVA FIMA	ROTORK	\N	\N	Shiju Kumar\r\nInternational Sales\r\nE: exports6@monilek.com\r\nC: +971 50 352 5963\r\nMONILEK Oilfield Logo.png  \r\nMONILEK OILFIELD ENTERPRISES\r\nPlot No. S-31222, JAFZA (South), \r\nStreet No. S-404, P.O. Box 17751, Dubai, U.A.E.\r\n  \tT: +971 4 881 8800, Ext: 207 \r\nF: +971 4 881 8797 \r\nwww.monilekgroup.com
widaco General Trading L.L.C	remo@widaco.com	http://www.widaco.net	Remo	+971 4 2959818	Dubai	Trading Company	WELLER PROFESSIONAL	\N	\N	\N	\N	Office No. 618, Business Avenue Building, Port Saeed, Deira, Dubai, UAE | P.O. Box: 171315\r\nPhone: +971 4 2959818 | Fax: +971 4 2501223 | Cell: +971 55 3686071\r\nwww.widaco.net | sales@widaco.com \r\n \r\nFacebook | Instagram | Youtube |  LinkedIn
ASA Alberto	alberto@asa-srl.com	http://www.asa-srl.com	Alberto	1	Italy	Manufacturer	NUOVO PIGNON GAS TURBINE	GE Frame 5	\N	\N	\N	
SIEX – GRUPO KOMTES	ayman@komtes.com	http://www.komtes.com	Ayman El-Hoss	00 971 50 9547935	Italy	Manufacturer	CO2 Fire Fighting	\N	\N	\N	\N	
Rittal Company	info@rittal.de	http://www.rittal.de	a	+49 (0) 2772 505-0	Germany	Manufacturer	FILTER PANEL MOUNTED	FAN	\N	\N	\N	
\.


--
-- Data for Name: form_technicaloffer; Type: TABLE DATA; Schema: public; Owner: django
--

COPY public.form_technicaloffer (technical_number, date, manufacture, delivery_term, assign, signatory, state, note, customer_id, expert_id, inquiry_id) FROM stdin;
1	2023-08-30	1	DDP	Manager	DDP	Offer		Fajr Petrochemical co.	1	0140842
402-35290	2023-08-30	ENRAF	CPT	Manager	CPT	Revise		Arak (Shahzand) Petrochemical Co.	12	020122
402-35317	2023-09-02	Emerson	CPT	Manager	CPT	Offer		MIANDOAB PETROCHEMICAL Co	28	PM4021342
402-35349	2023-09-04	Emerson	CPT	Manager	CPT	Offer		Arak (Shahzand) Petrochemical Co.	48	020517
402-35374	2023-09-09	Manufacturer: E+H	CPT	Manager	CPT	Offer		Mahabad Petrochemical Company	44	40020676
402-35378	2023-09-09	BUSCH	CPT	Manager	CPT	Offer		Tabriz Petrochemical Co.	31	0244012
402-35379	2023-09-09	Merlo	CPT	Manager	CPT	Revise		Tabriz Petrochemical Co.	16	0254099
402-35380	2023-09-09	WUZHONG	CPT	Manager	CPT	Offer		Tabriz Petrochemical Co.	4	0243082
402-35382	2023-09-09	YOKOGAWA	CPT	Manager	CPT	Offer		Tabriz Petrochemical Co.	31	0233013
402-35387	2023-09-09	HONEYWELL	CPT	Manager	CPT	Offer		Amir Kabir Petrochemical co.	34	0240092
402-35381	2023-09-09	Siemens	CPT	Manager	CPT	Offer		Kavian Petrochemical Company (KPC)	25	021669
402-35383	2023-09-09	yokogawa	CPT	Manager	CPT	Offer		Tabriz Petrochemical Co.	31	0243076
401-35371	2023-09-07	ABB	CPT	Manager	CPT	Offer		Marun Petrochemical Co	77	990192
402-35372	2023-09-07	KSB Valve	CPT	Manager	CPT	Offer		Fajr Petrochemical co.	18	9847563
402-35386	2023-09-09	MTL	CPT	Manager	CPT	Offer		ARYASASOL POLYMER Co.	21	76598
402-35385	2023-09-09	ESITAS	CPT	Manager	CPT	Offer		Fajr Petrochemical co.	6	0246766
401-35391	2023-09-10	Parker	CPT	Manager	CPT	Offer		Tabriz Petrochemical Co.	40	0244019
402-35390	2023-09-10	ATLAS RFID	CPT	Manager	CPT	Offer		Marun Petrochemical Co	10	020047
402-35393	2023-09-10	ABB	CPT	Manager	CPT	Offer		Marun Petrochemical Co	72	000377
402-35401	2023-09-11	ABB	CPT	Manager	CPT	Offer		Tabriz Petrochemical Co.	29	0234028
402-35407	2023-09-11	Berthold Technologies GmbH	CPT	Manager	CPT	Offer		Arak (Shahzand) Petrochemical Co.	7	010828
402-35404	2023-09-11	FLUCON	CPT	Manager	CPT	Offer		MIANDOAB PETROCHEMICAL Co	28	4021398
402-35419	2023-09-12	Rosemount	CPT	Manager	CPT	Offer		Tabriz Petrochemical Co.	31	0243080
402-35429	2023-09-13	Siemens	DDP	Manager	DDP	Offer		Kavian Petrochemical Company (KPC)	95	021538
402-35432	2023-09-13	Siemens	DDP	Manager	DDP	Offer		Kavian Petrochemical Company (KPC)	95	021605
402-35418	2023-09-12	Yokogawa	CPT	Manager	CPT	Offer		Tabriz Petrochemical Co.	74	0254111
402-35433	2023-09-13	YOKOGAWA	CPT	Manager	CPT	Offer		Tabriz Petrochemical Co.	49	0243075
\.


--
-- Name: auth_group_id_seq; Type: SEQUENCE SET; Schema: public; Owner: django
--

SELECT pg_catalog.setval('public.auth_group_id_seq', 1, true);


--
-- Name: auth_group_permissions_id_seq; Type: SEQUENCE SET; Schema: public; Owner: django
--

SELECT pg_catalog.setval('public.auth_group_permissions_id_seq', 64, true);


--
-- Name: auth_permission_id_seq; Type: SEQUENCE SET; Schema: public; Owner: django
--

SELECT pg_catalog.setval('public.auth_permission_id_seq', 104, true);


--
-- Name: auth_user_groups_id_seq; Type: SEQUENCE SET; Schema: public; Owner: django
--

SELECT pg_catalog.setval('public.auth_user_groups_id_seq', 1, true);


--
-- Name: auth_user_id_seq; Type: SEQUENCE SET; Schema: public; Owner: django
--

SELECT pg_catalog.setval('public.auth_user_id_seq', 2, true);


--
-- Name: auth_user_user_permissions_id_seq; Type: SEQUENCE SET; Schema: public; Owner: django
--

SELECT pg_catalog.setval('public.auth_user_user_permissions_id_seq', 1, false);


--
-- Name: django_admin_log_id_seq; Type: SEQUENCE SET; Schema: public; Owner: django
--

SELECT pg_catalog.setval('public.django_admin_log_id_seq', 761, true);


--
-- Name: django_content_type_id_seq; Type: SEQUENCE SET; Schema: public; Owner: django
--

SELECT pg_catalog.setval('public.django_content_type_id_seq', 26, true);


--
-- Name: django_migrations_id_seq; Type: SEQUENCE SET; Schema: public; Owner: django
--

SELECT pg_catalog.setval('public.django_migrations_id_seq', 19, true);


--
-- Name: form_customclearance_id_seq; Type: SEQUENCE SET; Schema: public; Owner: django
--

SELECT pg_catalog.setval('public.form_customclearance_id_seq', 1, false);


--
-- Name: form_expert_id_seq; Type: SEQUENCE SET; Schema: public; Owner: django
--

SELECT pg_catalog.setval('public.form_expert_id_seq', 105, true);


--
-- Name: form_orderregistration_inquiries_id_seq; Type: SEQUENCE SET; Schema: public; Owner: django
--

SELECT pg_catalog.setval('public.form_orderregistration_inquiries_id_seq', 1, false);


--
-- Name: auth_group auth_group_name_key; Type: CONSTRAINT; Schema: public; Owner: django
--

ALTER TABLE ONLY public.auth_group
    ADD CONSTRAINT auth_group_name_key UNIQUE (name);


--
-- Name: auth_group_permissions auth_group_permissions_group_id_permission_id_0cd325b0_uniq; Type: CONSTRAINT; Schema: public; Owner: django
--

ALTER TABLE ONLY public.auth_group_permissions
    ADD CONSTRAINT auth_group_permissions_group_id_permission_id_0cd325b0_uniq UNIQUE (group_id, permission_id);


--
-- Name: auth_group_permissions auth_group_permissions_pkey; Type: CONSTRAINT; Schema: public; Owner: django
--

ALTER TABLE ONLY public.auth_group_permissions
    ADD CONSTRAINT auth_group_permissions_pkey PRIMARY KEY (id);


--
-- Name: auth_group auth_group_pkey; Type: CONSTRAINT; Schema: public; Owner: django
--

ALTER TABLE ONLY public.auth_group
    ADD CONSTRAINT auth_group_pkey PRIMARY KEY (id);


--
-- Name: auth_permission auth_permission_content_type_id_codename_01ab375a_uniq; Type: CONSTRAINT; Schema: public; Owner: django
--

ALTER TABLE ONLY public.auth_permission
    ADD CONSTRAINT auth_permission_content_type_id_codename_01ab375a_uniq UNIQUE (content_type_id, codename);


--
-- Name: auth_permission auth_permission_pkey; Type: CONSTRAINT; Schema: public; Owner: django
--

ALTER TABLE ONLY public.auth_permission
    ADD CONSTRAINT auth_permission_pkey PRIMARY KEY (id);


--
-- Name: auth_user_groups auth_user_groups_pkey; Type: CONSTRAINT; Schema: public; Owner: django
--

ALTER TABLE ONLY public.auth_user_groups
    ADD CONSTRAINT auth_user_groups_pkey PRIMARY KEY (id);


--
-- Name: auth_user_groups auth_user_groups_user_id_group_id_94350c0c_uniq; Type: CONSTRAINT; Schema: public; Owner: django
--

ALTER TABLE ONLY public.auth_user_groups
    ADD CONSTRAINT auth_user_groups_user_id_group_id_94350c0c_uniq UNIQUE (user_id, group_id);


--
-- Name: auth_user auth_user_pkey; Type: CONSTRAINT; Schema: public; Owner: django
--

ALTER TABLE ONLY public.auth_user
    ADD CONSTRAINT auth_user_pkey PRIMARY KEY (id);


--
-- Name: auth_user_user_permissions auth_user_user_permissions_pkey; Type: CONSTRAINT; Schema: public; Owner: django
--

ALTER TABLE ONLY public.auth_user_user_permissions
    ADD CONSTRAINT auth_user_user_permissions_pkey PRIMARY KEY (id);


--
-- Name: auth_user_user_permissions auth_user_user_permissions_user_id_permission_id_14a6b632_uniq; Type: CONSTRAINT; Schema: public; Owner: django
--

ALTER TABLE ONLY public.auth_user_user_permissions
    ADD CONSTRAINT auth_user_user_permissions_user_id_permission_id_14a6b632_uniq UNIQUE (user_id, permission_id);


--
-- Name: auth_user auth_user_username_key; Type: CONSTRAINT; Schema: public; Owner: django
--

ALTER TABLE ONLY public.auth_user
    ADD CONSTRAINT auth_user_username_key UNIQUE (username);


--
-- Name: django_admin_log django_admin_log_pkey; Type: CONSTRAINT; Schema: public; Owner: django
--

ALTER TABLE ONLY public.django_admin_log
    ADD CONSTRAINT django_admin_log_pkey PRIMARY KEY (id);


--
-- Name: django_content_type django_content_type_app_label_model_76bd3d3b_uniq; Type: CONSTRAINT; Schema: public; Owner: django
--

ALTER TABLE ONLY public.django_content_type
    ADD CONSTRAINT django_content_type_app_label_model_76bd3d3b_uniq UNIQUE (app_label, model);


--
-- Name: django_content_type django_content_type_pkey; Type: CONSTRAINT; Schema: public; Owner: django
--

ALTER TABLE ONLY public.django_content_type
    ADD CONSTRAINT django_content_type_pkey PRIMARY KEY (id);


--
-- Name: django_migrations django_migrations_pkey; Type: CONSTRAINT; Schema: public; Owner: django
--

ALTER TABLE ONLY public.django_migrations
    ADD CONSTRAINT django_migrations_pkey PRIMARY KEY (id);


--
-- Name: django_session django_session_pkey; Type: CONSTRAINT; Schema: public; Owner: django
--

ALTER TABLE ONLY public.django_session
    ADD CONSTRAINT django_session_pkey PRIMARY KEY (session_key);


--
-- Name: form_advancepaymentsupplier form_advancepaymentsupplier_pkey; Type: CONSTRAINT; Schema: public; Owner: django
--

ALTER TABLE ONLY public.form_advancepaymentsupplier
    ADD CONSTRAINT form_advancepaymentsupplier_pkey PRIMARY KEY (inquiry_id);


--
-- Name: form_balancepaymentsupplier form_balancepaymentsupplier_pkey; Type: CONSTRAINT; Schema: public; Owner: django
--

ALTER TABLE ONLY public.form_balancepaymentsupplier
    ADD CONSTRAINT form_balancepaymentsupplier_pkey PRIMARY KEY (inquiry_id);


--
-- Name: form_bankguarantee form_bankguarantee_pkey; Type: CONSTRAINT; Schema: public; Owner: django
--

ALTER TABLE ONLY public.form_bankguarantee
    ADD CONSTRAINT form_bankguarantee_pkey PRIMARY KEY (inquiry_id);


--
-- Name: form_closed form_closed_pkey; Type: CONSTRAINT; Schema: public; Owner: django
--

ALTER TABLE ONLY public.form_closed
    ADD CONSTRAINT form_closed_pkey PRIMARY KEY (inquiry_id);


--
-- Name: form_commercialoffer form_commercialoffer_pkey; Type: CONSTRAINT; Schema: public; Owner: django
--

ALTER TABLE ONLY public.form_commercialoffer
    ADD CONSTRAINT form_commercialoffer_pkey PRIMARY KEY (inquiry_id);


--
-- Name: form_customclearance form_customclearance_inquiry_id_key; Type: CONSTRAINT; Schema: public; Owner: django
--

ALTER TABLE ONLY public.form_customclearance
    ADD CONSTRAINT form_customclearance_inquiry_id_key UNIQUE (inquiry_id);


--
-- Name: form_customclearance form_customclearance_pkey; Type: CONSTRAINT; Schema: public; Owner: django
--

ALTER TABLE ONLY public.form_customclearance
    ADD CONSTRAINT form_customclearance_pkey PRIMARY KEY (id);


--
-- Name: form_customer form_customer_pkey; Type: CONSTRAINT; Schema: public; Owner: django
--

ALTER TABLE ONLY public.form_customer
    ADD CONSTRAINT form_customer_pkey PRIMARY KEY (company);


--
-- Name: form_expert form_expert_pkey; Type: CONSTRAINT; Schema: public; Owner: django
--

ALTER TABLE ONLY public.form_expert
    ADD CONSTRAINT form_expert_pkey PRIMARY KEY (id);


--
-- Name: form_financialreportforeign form_financialreportforeign_pkey; Type: CONSTRAINT; Schema: public; Owner: django
--

ALTER TABLE ONLY public.form_financialreportforeign
    ADD CONSTRAINT form_financialreportforeign_pkey PRIMARY KEY (inquiry_id);


--
-- Name: form_financialreportirr form_financialreportirr_pkey; Type: CONSTRAINT; Schema: public; Owner: django
--

ALTER TABLE ONLY public.form_financialreportirr
    ADD CONSTRAINT form_financialreportirr_pkey PRIMARY KEY (inquiry_id);


--
-- Name: form_forwarder form_forwarder_pkey; Type: CONSTRAINT; Schema: public; Owner: django
--

ALTER TABLE ONLY public.form_forwarder
    ADD CONSTRAINT form_forwarder_pkey PRIMARY KEY (company_name);


--
-- Name: form_forwarderpayment form_forwarderpayment_pkey; Type: CONSTRAINT; Schema: public; Owner: django
--

ALTER TABLE ONLY public.form_forwarderpayment
    ADD CONSTRAINT form_forwarderpayment_pkey PRIMARY KEY (inquiry_id);


--
-- Name: form_inquiry form_inquiry_pkey; Type: CONSTRAINT; Schema: public; Owner: django
--

ALTER TABLE ONLY public.form_inquiry
    ADD CONSTRAINT form_inquiry_pkey PRIMARY KEY (inquiry_number);


--
-- Name: form_orderregistration_inquiries form_orderregistration_i_orderregistration_id_inq_7914fe7d_uniq; Type: CONSTRAINT; Schema: public; Owner: django
--

ALTER TABLE ONLY public.form_orderregistration_inquiries
    ADD CONSTRAINT form_orderregistration_i_orderregistration_id_inq_7914fe7d_uniq UNIQUE (orderregistration_id, inquiry_id);


--
-- Name: form_orderregistration_inquiries form_orderregistration_inquiries_pkey; Type: CONSTRAINT; Schema: public; Owner: django
--

ALTER TABLE ONLY public.form_orderregistration_inquiries
    ADD CONSTRAINT form_orderregistration_inquiries_pkey PRIMARY KEY (id);


--
-- Name: form_orderregistration form_orderregistration_pkey; Type: CONSTRAINT; Schema: public; Owner: django
--

ALTER TABLE ONLY public.form_orderregistration
    ADD CONSTRAINT form_orderregistration_pkey PRIMARY KEY (registration_number);


--
-- Name: form_purchaseorder form_purchaseorder_inquiry_id_key; Type: CONSTRAINT; Schema: public; Owner: django
--

ALTER TABLE ONLY public.form_purchaseorder
    ADD CONSTRAINT form_purchaseorder_inquiry_id_key UNIQUE (inquiry_id);


--
-- Name: form_purchaseorder form_purchaseorder_pkey; Type: CONSTRAINT; Schema: public; Owner: django
--

ALTER TABLE ONLY public.form_purchaseorder
    ADD CONSTRAINT form_purchaseorder_pkey PRIMARY KEY (purchase_order_number);


--
-- Name: form_quotation form_quotation_pkey; Type: CONSTRAINT; Schema: public; Owner: django
--

ALTER TABLE ONLY public.form_quotation
    ADD CONSTRAINT form_quotation_pkey PRIMARY KEY (quotation_number);


--
-- Name: form_requesttoquotation form_requesttoquotation_pkey; Type: CONSTRAINT; Schema: public; Owner: django
--

ALTER TABLE ONLY public.form_requesttoquotation
    ADD CONSTRAINT form_requesttoquotation_pkey PRIMARY KEY (request_number);


--
-- Name: form_shipping form_shipping_pkey; Type: CONSTRAINT; Schema: public; Owner: django
--

ALTER TABLE ONLY public.form_shipping
    ADD CONSTRAINT form_shipping_pkey PRIMARY KEY (inquiry_id);


--
-- Name: form_supplier form_supplier_pkey; Type: CONSTRAINT; Schema: public; Owner: django
--

ALTER TABLE ONLY public.form_supplier
    ADD CONSTRAINT form_supplier_pkey PRIMARY KEY (company_name);


--
-- Name: form_technicaloffer form_technicaloffer_pkey; Type: CONSTRAINT; Schema: public; Owner: django
--

ALTER TABLE ONLY public.form_technicaloffer
    ADD CONSTRAINT form_technicaloffer_pkey PRIMARY KEY (technical_number);


--
-- Name: form_expert unique_expert_per_customer; Type: CONSTRAINT; Schema: public; Owner: django
--

ALTER TABLE ONLY public.form_expert
    ADD CONSTRAINT unique_expert_per_customer UNIQUE (name, customer_id);


--
-- Name: auth_group_name_a6ea08ec_like; Type: INDEX; Schema: public; Owner: django
--

CREATE INDEX auth_group_name_a6ea08ec_like ON public.auth_group USING btree (name varchar_pattern_ops);


--
-- Name: auth_group_permissions_group_id_b120cbf9; Type: INDEX; Schema: public; Owner: django
--

CREATE INDEX auth_group_permissions_group_id_b120cbf9 ON public.auth_group_permissions USING btree (group_id);


--
-- Name: auth_group_permissions_permission_id_84c5c92e; Type: INDEX; Schema: public; Owner: django
--

CREATE INDEX auth_group_permissions_permission_id_84c5c92e ON public.auth_group_permissions USING btree (permission_id);


--
-- Name: auth_permission_content_type_id_2f476e4b; Type: INDEX; Schema: public; Owner: django
--

CREATE INDEX auth_permission_content_type_id_2f476e4b ON public.auth_permission USING btree (content_type_id);


--
-- Name: auth_user_groups_group_id_97559544; Type: INDEX; Schema: public; Owner: django
--

CREATE INDEX auth_user_groups_group_id_97559544 ON public.auth_user_groups USING btree (group_id);


--
-- Name: auth_user_groups_user_id_6a12ed8b; Type: INDEX; Schema: public; Owner: django
--

CREATE INDEX auth_user_groups_user_id_6a12ed8b ON public.auth_user_groups USING btree (user_id);


--
-- Name: auth_user_user_permissions_permission_id_1fbb5f2c; Type: INDEX; Schema: public; Owner: django
--

CREATE INDEX auth_user_user_permissions_permission_id_1fbb5f2c ON public.auth_user_user_permissions USING btree (permission_id);


--
-- Name: auth_user_user_permissions_user_id_a95ead1b; Type: INDEX; Schema: public; Owner: django
--

CREATE INDEX auth_user_user_permissions_user_id_a95ead1b ON public.auth_user_user_permissions USING btree (user_id);


--
-- Name: auth_user_username_6821ab7c_like; Type: INDEX; Schema: public; Owner: django
--

CREATE INDEX auth_user_username_6821ab7c_like ON public.auth_user USING btree (username varchar_pattern_ops);


--
-- Name: django_admin_log_content_type_id_c4bce8eb; Type: INDEX; Schema: public; Owner: django
--

CREATE INDEX django_admin_log_content_type_id_c4bce8eb ON public.django_admin_log USING btree (content_type_id);


--
-- Name: django_admin_log_user_id_c564eba6; Type: INDEX; Schema: public; Owner: django
--

CREATE INDEX django_admin_log_user_id_c564eba6 ON public.django_admin_log USING btree (user_id);


--
-- Name: django_session_expire_date_a5c62663; Type: INDEX; Schema: public; Owner: django
--

CREATE INDEX django_session_expire_date_a5c62663 ON public.django_session USING btree (expire_date);


--
-- Name: django_session_session_key_c0390e0f_like; Type: INDEX; Schema: public; Owner: django
--

CREATE INDEX django_session_session_key_c0390e0f_like ON public.django_session USING btree (session_key varchar_pattern_ops);


--
-- Name: form_advancepaymentsupplier_inquiry_id_59a94cd1_like; Type: INDEX; Schema: public; Owner: django
--

CREATE INDEX form_advancepaymentsupplier_inquiry_id_59a94cd1_like ON public.form_advancepaymentsupplier USING btree (inquiry_id varchar_pattern_ops);


--
-- Name: form_advancepaymentsupplier_supplier_id_773736ea; Type: INDEX; Schema: public; Owner: django
--

CREATE INDEX form_advancepaymentsupplier_supplier_id_773736ea ON public.form_advancepaymentsupplier USING btree (supplier_id);


--
-- Name: form_advancepaymentsupplier_supplier_id_773736ea_like; Type: INDEX; Schema: public; Owner: django
--

CREATE INDEX form_advancepaymentsupplier_supplier_id_773736ea_like ON public.form_advancepaymentsupplier USING btree (supplier_id varchar_pattern_ops);


--
-- Name: form_balancepaymentsupplier_inquiry_id_61907639_like; Type: INDEX; Schema: public; Owner: django
--

CREATE INDEX form_balancepaymentsupplier_inquiry_id_61907639_like ON public.form_balancepaymentsupplier USING btree (inquiry_id varchar_pattern_ops);


--
-- Name: form_balancepaymentsupplier_supplier_id_700cf72a; Type: INDEX; Schema: public; Owner: django
--

CREATE INDEX form_balancepaymentsupplier_supplier_id_700cf72a ON public.form_balancepaymentsupplier USING btree (supplier_id);


--
-- Name: form_balancepaymentsupplier_supplier_id_700cf72a_like; Type: INDEX; Schema: public; Owner: django
--

CREATE INDEX form_balancepaymentsupplier_supplier_id_700cf72a_like ON public.form_balancepaymentsupplier USING btree (supplier_id varchar_pattern_ops);


--
-- Name: form_bankguarantee_inquiry_id_4baef0d2_like; Type: INDEX; Schema: public; Owner: django
--

CREATE INDEX form_bankguarantee_inquiry_id_4baef0d2_like ON public.form_bankguarantee USING btree (inquiry_id varchar_pattern_ops);


--
-- Name: form_closed_customer_id_21a10cb3; Type: INDEX; Schema: public; Owner: django
--

CREATE INDEX form_closed_customer_id_21a10cb3 ON public.form_closed USING btree (customer_id);


--
-- Name: form_closed_customer_id_21a10cb3_like; Type: INDEX; Schema: public; Owner: django
--

CREATE INDEX form_closed_customer_id_21a10cb3_like ON public.form_closed USING btree (customer_id varchar_pattern_ops);


--
-- Name: form_closed_inquiry_id_4242f6f5_like; Type: INDEX; Schema: public; Owner: django
--

CREATE INDEX form_closed_inquiry_id_4242f6f5_like ON public.form_closed USING btree (inquiry_id varchar_pattern_ops);


--
-- Name: form_commercialoffer_customer_id_5ae9bf2a; Type: INDEX; Schema: public; Owner: django
--

CREATE INDEX form_commercialoffer_customer_id_5ae9bf2a ON public.form_commercialoffer USING btree (customer_id);


--
-- Name: form_commercialoffer_customer_id_5ae9bf2a_like; Type: INDEX; Schema: public; Owner: django
--

CREATE INDEX form_commercialoffer_customer_id_5ae9bf2a_like ON public.form_commercialoffer USING btree (customer_id varchar_pattern_ops);


--
-- Name: form_commercialoffer_expert_id_6ebcbf8f; Type: INDEX; Schema: public; Owner: django
--

CREATE INDEX form_commercialoffer_expert_id_6ebcbf8f ON public.form_commercialoffer USING btree (expert_id);


--
-- Name: form_commercialoffer_inquiry_id_b35a8eab_like; Type: INDEX; Schema: public; Owner: django
--

CREATE INDEX form_commercialoffer_inquiry_id_b35a8eab_like ON public.form_commercialoffer USING btree (inquiry_id varchar_pattern_ops);


--
-- Name: form_customclearance_inquiry_id_3ec57f67_like; Type: INDEX; Schema: public; Owner: django
--

CREATE INDEX form_customclearance_inquiry_id_3ec57f67_like ON public.form_customclearance USING btree (inquiry_id varchar_pattern_ops);


--
-- Name: form_customer_company_55c80737_like; Type: INDEX; Schema: public; Owner: django
--

CREATE INDEX form_customer_company_55c80737_like ON public.form_customer USING btree (company varchar_pattern_ops);


--
-- Name: form_expert_customer_id_9b5257a4; Type: INDEX; Schema: public; Owner: django
--

CREATE INDEX form_expert_customer_id_9b5257a4 ON public.form_expert USING btree (customer_id);


--
-- Name: form_expert_customer_id_9b5257a4_like; Type: INDEX; Schema: public; Owner: django
--

CREATE INDEX form_expert_customer_id_9b5257a4_like ON public.form_expert USING btree (customer_id varchar_pattern_ops);


--
-- Name: form_financialreportforeign_customer_id_bd33354a; Type: INDEX; Schema: public; Owner: django
--

CREATE INDEX form_financialreportforeign_customer_id_bd33354a ON public.form_financialreportforeign USING btree (customer_id);


--
-- Name: form_financialreportforeign_customer_id_bd33354a_like; Type: INDEX; Schema: public; Owner: django
--

CREATE INDEX form_financialreportforeign_customer_id_bd33354a_like ON public.form_financialreportforeign USING btree (customer_id varchar_pattern_ops);


--
-- Name: form_financialreportforeign_inquiry_id_d02c3b97_like; Type: INDEX; Schema: public; Owner: django
--

CREATE INDEX form_financialreportforeign_inquiry_id_d02c3b97_like ON public.form_financialreportforeign USING btree (inquiry_id varchar_pattern_ops);


--
-- Name: form_financialreportforeign_purchase_order_id_053c3629; Type: INDEX; Schema: public; Owner: django
--

CREATE INDEX form_financialreportforeign_purchase_order_id_053c3629 ON public.form_financialreportforeign USING btree (purchase_order_id);


--
-- Name: form_financialreportforeign_purchase_order_id_053c3629_like; Type: INDEX; Schema: public; Owner: django
--

CREATE INDEX form_financialreportforeign_purchase_order_id_053c3629_like ON public.form_financialreportforeign USING btree (purchase_order_id varchar_pattern_ops);


--
-- Name: form_financialreportirr_customer_id_d70619a9; Type: INDEX; Schema: public; Owner: django
--

CREATE INDEX form_financialreportirr_customer_id_d70619a9 ON public.form_financialreportirr USING btree (customer_id);


--
-- Name: form_financialreportirr_customer_id_d70619a9_like; Type: INDEX; Schema: public; Owner: django
--

CREATE INDEX form_financialreportirr_customer_id_d70619a9_like ON public.form_financialreportirr USING btree (customer_id varchar_pattern_ops);


--
-- Name: form_financialreportirr_inquiry_id_48131e18_like; Type: INDEX; Schema: public; Owner: django
--

CREATE INDEX form_financialreportirr_inquiry_id_48131e18_like ON public.form_financialreportirr USING btree (inquiry_id varchar_pattern_ops);


--
-- Name: form_financialreportirr_purchase_order_id_4b39c59c; Type: INDEX; Schema: public; Owner: django
--

CREATE INDEX form_financialreportirr_purchase_order_id_4b39c59c ON public.form_financialreportirr USING btree (purchase_order_id);


--
-- Name: form_financialreportirr_purchase_order_id_4b39c59c_like; Type: INDEX; Schema: public; Owner: django
--

CREATE INDEX form_financialreportirr_purchase_order_id_4b39c59c_like ON public.form_financialreportirr USING btree (purchase_order_id varchar_pattern_ops);


--
-- Name: form_forwarder_company_name_8469ecf5_like; Type: INDEX; Schema: public; Owner: django
--

CREATE INDEX form_forwarder_company_name_8469ecf5_like ON public.form_forwarder USING btree (company_name varchar_pattern_ops);


--
-- Name: form_forwarderpayment_forwarder_name_id_4a0399c9; Type: INDEX; Schema: public; Owner: django
--

CREATE INDEX form_forwarderpayment_forwarder_name_id_4a0399c9 ON public.form_forwarderpayment USING btree (forwarder_name_id);


--
-- Name: form_forwarderpayment_forwarder_name_id_4a0399c9_like; Type: INDEX; Schema: public; Owner: django
--

CREATE INDEX form_forwarderpayment_forwarder_name_id_4a0399c9_like ON public.form_forwarderpayment USING btree (forwarder_name_id varchar_pattern_ops);


--
-- Name: form_forwarderpayment_inquiry_id_70035bd9_like; Type: INDEX; Schema: public; Owner: django
--

CREATE INDEX form_forwarderpayment_inquiry_id_70035bd9_like ON public.form_forwarderpayment USING btree (inquiry_id varchar_pattern_ops);


--
-- Name: form_inquiry_customer_id_3c81b91b; Type: INDEX; Schema: public; Owner: django
--

CREATE INDEX form_inquiry_customer_id_3c81b91b ON public.form_inquiry USING btree (customer_id);


--
-- Name: form_inquiry_customer_id_3c81b91b_like; Type: INDEX; Schema: public; Owner: django
--

CREATE INDEX form_inquiry_customer_id_3c81b91b_like ON public.form_inquiry USING btree (customer_id varchar_pattern_ops);


--
-- Name: form_inquiry_expert_id_c639d753; Type: INDEX; Schema: public; Owner: django
--

CREATE INDEX form_inquiry_expert_id_c639d753 ON public.form_inquiry USING btree (expert_id);


--
-- Name: form_inquiry_inquiry_number_d918c80c_like; Type: INDEX; Schema: public; Owner: django
--

CREATE INDEX form_inquiry_inquiry_number_d918c80c_like ON public.form_inquiry USING btree (inquiry_number varchar_pattern_ops);


--
-- Name: form_orderregistration_i_orderregistration_id_39de97cb_like; Type: INDEX; Schema: public; Owner: django
--

CREATE INDEX form_orderregistration_i_orderregistration_id_39de97cb_like ON public.form_orderregistration_inquiries USING btree (orderregistration_id varchar_pattern_ops);


--
-- Name: form_orderregistration_inquiries_inquiry_id_ce94d0ff; Type: INDEX; Schema: public; Owner: django
--

CREATE INDEX form_orderregistration_inquiries_inquiry_id_ce94d0ff ON public.form_orderregistration_inquiries USING btree (inquiry_id);


--
-- Name: form_orderregistration_inquiries_inquiry_id_ce94d0ff_like; Type: INDEX; Schema: public; Owner: django
--

CREATE INDEX form_orderregistration_inquiries_inquiry_id_ce94d0ff_like ON public.form_orderregistration_inquiries USING btree (inquiry_id varchar_pattern_ops);


--
-- Name: form_orderregistration_inquiries_orderregistration_id_39de97cb; Type: INDEX; Schema: public; Owner: django
--

CREATE INDEX form_orderregistration_inquiries_orderregistration_id_39de97cb ON public.form_orderregistration_inquiries USING btree (orderregistration_id);


--
-- Name: form_orderregistration_registration_number_7c41e676_like; Type: INDEX; Schema: public; Owner: django
--

CREATE INDEX form_orderregistration_registration_number_7c41e676_like ON public.form_orderregistration USING btree (registration_number varchar_pattern_ops);


--
-- Name: form_purchaseorder_customer_id_5089f6f8; Type: INDEX; Schema: public; Owner: django
--

CREATE INDEX form_purchaseorder_customer_id_5089f6f8 ON public.form_purchaseorder USING btree (customer_id);


--
-- Name: form_purchaseorder_customer_id_5089f6f8_like; Type: INDEX; Schema: public; Owner: django
--

CREATE INDEX form_purchaseorder_customer_id_5089f6f8_like ON public.form_purchaseorder USING btree (customer_id varchar_pattern_ops);


--
-- Name: form_purchaseorder_expert_id_939737ab; Type: INDEX; Schema: public; Owner: django
--

CREATE INDEX form_purchaseorder_expert_id_939737ab ON public.form_purchaseorder USING btree (expert_id);


--
-- Name: form_purchaseorder_inquiry_id_2d53d62c_like; Type: INDEX; Schema: public; Owner: django
--

CREATE INDEX form_purchaseorder_inquiry_id_2d53d62c_like ON public.form_purchaseorder USING btree (inquiry_id varchar_pattern_ops);


--
-- Name: form_purchaseorder_purchase_order_number_18dedf4c_like; Type: INDEX; Schema: public; Owner: django
--

CREATE INDEX form_purchaseorder_purchase_order_number_18dedf4c_like ON public.form_purchaseorder USING btree (purchase_order_number varchar_pattern_ops);


--
-- Name: form_purchaseorder_supplier_id_686db4d2; Type: INDEX; Schema: public; Owner: django
--

CREATE INDEX form_purchaseorder_supplier_id_686db4d2 ON public.form_purchaseorder USING btree (supplier_id);


--
-- Name: form_purchaseorder_supplier_id_686db4d2_like; Type: INDEX; Schema: public; Owner: django
--

CREATE INDEX form_purchaseorder_supplier_id_686db4d2_like ON public.form_purchaseorder USING btree (supplier_id varchar_pattern_ops);


--
-- Name: form_quotation_customer_id_79a26fe0; Type: INDEX; Schema: public; Owner: django
--

CREATE INDEX form_quotation_customer_id_79a26fe0 ON public.form_quotation USING btree (customer_id);


--
-- Name: form_quotation_customer_id_79a26fe0_like; Type: INDEX; Schema: public; Owner: django
--

CREATE INDEX form_quotation_customer_id_79a26fe0_like ON public.form_quotation USING btree (customer_id varchar_pattern_ops);


--
-- Name: form_quotation_inquiry_id_d8bcbaa9; Type: INDEX; Schema: public; Owner: django
--

CREATE INDEX form_quotation_inquiry_id_d8bcbaa9 ON public.form_quotation USING btree (inquiry_id);


--
-- Name: form_quotation_inquiry_id_d8bcbaa9_like; Type: INDEX; Schema: public; Owner: django
--

CREATE INDEX form_quotation_inquiry_id_d8bcbaa9_like ON public.form_quotation USING btree (inquiry_id varchar_pattern_ops);


--
-- Name: form_quotation_quotation_number_c2f0e2ef_like; Type: INDEX; Schema: public; Owner: django
--

CREATE INDEX form_quotation_quotation_number_c2f0e2ef_like ON public.form_quotation USING btree (quotation_number varchar_pattern_ops);


--
-- Name: form_quotation_request_id_id_4ddbae75; Type: INDEX; Schema: public; Owner: django
--

CREATE INDEX form_quotation_request_id_id_4ddbae75 ON public.form_quotation USING btree (request_id_id);


--
-- Name: form_quotation_request_id_id_4ddbae75_like; Type: INDEX; Schema: public; Owner: django
--

CREATE INDEX form_quotation_request_id_id_4ddbae75_like ON public.form_quotation USING btree (request_id_id varchar_pattern_ops);


--
-- Name: form_quotation_supplier_id_a9746f98; Type: INDEX; Schema: public; Owner: django
--

CREATE INDEX form_quotation_supplier_id_a9746f98 ON public.form_quotation USING btree (supplier_id);


--
-- Name: form_quotation_supplier_id_a9746f98_like; Type: INDEX; Schema: public; Owner: django
--

CREATE INDEX form_quotation_supplier_id_a9746f98_like ON public.form_quotation USING btree (supplier_id varchar_pattern_ops);


--
-- Name: form_requesttoquotation_inquiry_id_87bfab93; Type: INDEX; Schema: public; Owner: django
--

CREATE INDEX form_requesttoquotation_inquiry_id_87bfab93 ON public.form_requesttoquotation USING btree (inquiry_id);


--
-- Name: form_requesttoquotation_inquiry_id_87bfab93_like; Type: INDEX; Schema: public; Owner: django
--

CREATE INDEX form_requesttoquotation_inquiry_id_87bfab93_like ON public.form_requesttoquotation USING btree (inquiry_id varchar_pattern_ops);


--
-- Name: form_requesttoquotation_request_number_0a6c34fb_like; Type: INDEX; Schema: public; Owner: django
--

CREATE INDEX form_requesttoquotation_request_number_0a6c34fb_like ON public.form_requesttoquotation USING btree (request_number varchar_pattern_ops);


--
-- Name: form_requesttoquotation_supplier_id_cebb2804; Type: INDEX; Schema: public; Owner: django
--

CREATE INDEX form_requesttoquotation_supplier_id_cebb2804 ON public.form_requesttoquotation USING btree (supplier_id);


--
-- Name: form_requesttoquotation_supplier_id_cebb2804_like; Type: INDEX; Schema: public; Owner: django
--

CREATE INDEX form_requesttoquotation_supplier_id_cebb2804_like ON public.form_requesttoquotation USING btree (supplier_id varchar_pattern_ops);


--
-- Name: form_shipping_forwarder_name_id_6922fdef; Type: INDEX; Schema: public; Owner: django
--

CREATE INDEX form_shipping_forwarder_name_id_6922fdef ON public.form_shipping USING btree (forwarder_name_id);


--
-- Name: form_shipping_forwarder_name_id_6922fdef_like; Type: INDEX; Schema: public; Owner: django
--

CREATE INDEX form_shipping_forwarder_name_id_6922fdef_like ON public.form_shipping USING btree (forwarder_name_id varchar_pattern_ops);


--
-- Name: form_shipping_inquiry_id_776daa18_like; Type: INDEX; Schema: public; Owner: django
--

CREATE INDEX form_shipping_inquiry_id_776daa18_like ON public.form_shipping USING btree (inquiry_id varchar_pattern_ops);


--
-- Name: form_supplier_company_name_2b29ac0f_like; Type: INDEX; Schema: public; Owner: django
--

CREATE INDEX form_supplier_company_name_2b29ac0f_like ON public.form_supplier USING btree (company_name varchar_pattern_ops);


--
-- Name: form_technicaloffer_customer_id_d439c6fe; Type: INDEX; Schema: public; Owner: django
--

CREATE INDEX form_technicaloffer_customer_id_d439c6fe ON public.form_technicaloffer USING btree (customer_id);


--
-- Name: form_technicaloffer_customer_id_d439c6fe_like; Type: INDEX; Schema: public; Owner: django
--

CREATE INDEX form_technicaloffer_customer_id_d439c6fe_like ON public.form_technicaloffer USING btree (customer_id varchar_pattern_ops);


--
-- Name: form_technicaloffer_expert_id_ec35db2c; Type: INDEX; Schema: public; Owner: django
--

CREATE INDEX form_technicaloffer_expert_id_ec35db2c ON public.form_technicaloffer USING btree (expert_id);


--
-- Name: form_technicaloffer_inquiry_id_6e5e1c31; Type: INDEX; Schema: public; Owner: django
--

CREATE INDEX form_technicaloffer_inquiry_id_6e5e1c31 ON public.form_technicaloffer USING btree (inquiry_id);


--
-- Name: form_technicaloffer_inquiry_id_6e5e1c31_like; Type: INDEX; Schema: public; Owner: django
--

CREATE INDEX form_technicaloffer_inquiry_id_6e5e1c31_like ON public.form_technicaloffer USING btree (inquiry_id varchar_pattern_ops);


--
-- Name: form_technicaloffer_technical_number_2c539c3c_like; Type: INDEX; Schema: public; Owner: django
--

CREATE INDEX form_technicaloffer_technical_number_2c539c3c_like ON public.form_technicaloffer USING btree (technical_number varchar_pattern_ops);


--
-- Name: auth_group_permissions auth_group_permissio_permission_id_84c5c92e_fk_auth_perm; Type: FK CONSTRAINT; Schema: public; Owner: django
--

ALTER TABLE ONLY public.auth_group_permissions
    ADD CONSTRAINT auth_group_permissio_permission_id_84c5c92e_fk_auth_perm FOREIGN KEY (permission_id) REFERENCES public.auth_permission(id) DEFERRABLE INITIALLY DEFERRED;


--
-- Name: auth_group_permissions auth_group_permissions_group_id_b120cbf9_fk_auth_group_id; Type: FK CONSTRAINT; Schema: public; Owner: django
--

ALTER TABLE ONLY public.auth_group_permissions
    ADD CONSTRAINT auth_group_permissions_group_id_b120cbf9_fk_auth_group_id FOREIGN KEY (group_id) REFERENCES public.auth_group(id) DEFERRABLE INITIALLY DEFERRED;


--
-- Name: auth_permission auth_permission_content_type_id_2f476e4b_fk_django_co; Type: FK CONSTRAINT; Schema: public; Owner: django
--

ALTER TABLE ONLY public.auth_permission
    ADD CONSTRAINT auth_permission_content_type_id_2f476e4b_fk_django_co FOREIGN KEY (content_type_id) REFERENCES public.django_content_type(id) DEFERRABLE INITIALLY DEFERRED;


--
-- Name: auth_user_groups auth_user_groups_group_id_97559544_fk_auth_group_id; Type: FK CONSTRAINT; Schema: public; Owner: django
--

ALTER TABLE ONLY public.auth_user_groups
    ADD CONSTRAINT auth_user_groups_group_id_97559544_fk_auth_group_id FOREIGN KEY (group_id) REFERENCES public.auth_group(id) DEFERRABLE INITIALLY DEFERRED;


--
-- Name: auth_user_groups auth_user_groups_user_id_6a12ed8b_fk_auth_user_id; Type: FK CONSTRAINT; Schema: public; Owner: django
--

ALTER TABLE ONLY public.auth_user_groups
    ADD CONSTRAINT auth_user_groups_user_id_6a12ed8b_fk_auth_user_id FOREIGN KEY (user_id) REFERENCES public.auth_user(id) DEFERRABLE INITIALLY DEFERRED;


--
-- Name: auth_user_user_permissions auth_user_user_permi_permission_id_1fbb5f2c_fk_auth_perm; Type: FK CONSTRAINT; Schema: public; Owner: django
--

ALTER TABLE ONLY public.auth_user_user_permissions
    ADD CONSTRAINT auth_user_user_permi_permission_id_1fbb5f2c_fk_auth_perm FOREIGN KEY (permission_id) REFERENCES public.auth_permission(id) DEFERRABLE INITIALLY DEFERRED;


--
-- Name: auth_user_user_permissions auth_user_user_permissions_user_id_a95ead1b_fk_auth_user_id; Type: FK CONSTRAINT; Schema: public; Owner: django
--

ALTER TABLE ONLY public.auth_user_user_permissions
    ADD CONSTRAINT auth_user_user_permissions_user_id_a95ead1b_fk_auth_user_id FOREIGN KEY (user_id) REFERENCES public.auth_user(id) DEFERRABLE INITIALLY DEFERRED;


--
-- Name: django_admin_log django_admin_log_content_type_id_c4bce8eb_fk_django_co; Type: FK CONSTRAINT; Schema: public; Owner: django
--

ALTER TABLE ONLY public.django_admin_log
    ADD CONSTRAINT django_admin_log_content_type_id_c4bce8eb_fk_django_co FOREIGN KEY (content_type_id) REFERENCES public.django_content_type(id) DEFERRABLE INITIALLY DEFERRED;


--
-- Name: django_admin_log django_admin_log_user_id_c564eba6_fk_auth_user_id; Type: FK CONSTRAINT; Schema: public; Owner: django
--

ALTER TABLE ONLY public.django_admin_log
    ADD CONSTRAINT django_admin_log_user_id_c564eba6_fk_auth_user_id FOREIGN KEY (user_id) REFERENCES public.auth_user(id) DEFERRABLE INITIALLY DEFERRED;


--
-- Name: form_advancepaymentsupplier form_advancepayments_inquiry_id_59a94cd1_fk_form_inqu; Type: FK CONSTRAINT; Schema: public; Owner: django
--

ALTER TABLE ONLY public.form_advancepaymentsupplier
    ADD CONSTRAINT form_advancepayments_inquiry_id_59a94cd1_fk_form_inqu FOREIGN KEY (inquiry_id) REFERENCES public.form_inquiry(inquiry_number) DEFERRABLE INITIALLY DEFERRED;


--
-- Name: form_advancepaymentsupplier form_advancepayments_supplier_id_773736ea_fk_form_supp; Type: FK CONSTRAINT; Schema: public; Owner: django
--

ALTER TABLE ONLY public.form_advancepaymentsupplier
    ADD CONSTRAINT form_advancepayments_supplier_id_773736ea_fk_form_supp FOREIGN KEY (supplier_id) REFERENCES public.form_supplier(company_name) DEFERRABLE INITIALLY DEFERRED;


--
-- Name: form_balancepaymentsupplier form_balancepayments_inquiry_id_61907639_fk_form_inqu; Type: FK CONSTRAINT; Schema: public; Owner: django
--

ALTER TABLE ONLY public.form_balancepaymentsupplier
    ADD CONSTRAINT form_balancepayments_inquiry_id_61907639_fk_form_inqu FOREIGN KEY (inquiry_id) REFERENCES public.form_inquiry(inquiry_number) DEFERRABLE INITIALLY DEFERRED;


--
-- Name: form_balancepaymentsupplier form_balancepayments_supplier_id_700cf72a_fk_form_supp; Type: FK CONSTRAINT; Schema: public; Owner: django
--

ALTER TABLE ONLY public.form_balancepaymentsupplier
    ADD CONSTRAINT form_balancepayments_supplier_id_700cf72a_fk_form_supp FOREIGN KEY (supplier_id) REFERENCES public.form_supplier(company_name) DEFERRABLE INITIALLY DEFERRED;


--
-- Name: form_bankguarantee form_bankguarantee_inquiry_id_4baef0d2_fk_form_inqu; Type: FK CONSTRAINT; Schema: public; Owner: django
--

ALTER TABLE ONLY public.form_bankguarantee
    ADD CONSTRAINT form_bankguarantee_inquiry_id_4baef0d2_fk_form_inqu FOREIGN KEY (inquiry_id) REFERENCES public.form_inquiry(inquiry_number) DEFERRABLE INITIALLY DEFERRED;


--
-- Name: form_closed form_closed_customer_id_21a10cb3_fk_form_customer_company; Type: FK CONSTRAINT; Schema: public; Owner: django
--

ALTER TABLE ONLY public.form_closed
    ADD CONSTRAINT form_closed_customer_id_21a10cb3_fk_form_customer_company FOREIGN KEY (customer_id) REFERENCES public.form_customer(company) DEFERRABLE INITIALLY DEFERRED;


--
-- Name: form_closed form_closed_inquiry_id_4242f6f5_fk_form_inquiry_inquiry_number; Type: FK CONSTRAINT; Schema: public; Owner: django
--

ALTER TABLE ONLY public.form_closed
    ADD CONSTRAINT form_closed_inquiry_id_4242f6f5_fk_form_inquiry_inquiry_number FOREIGN KEY (inquiry_id) REFERENCES public.form_inquiry(inquiry_number) DEFERRABLE INITIALLY DEFERRED;


--
-- Name: form_commercialoffer form_commercialoffer_customer_id_5ae9bf2a_fk_form_cust; Type: FK CONSTRAINT; Schema: public; Owner: django
--

ALTER TABLE ONLY public.form_commercialoffer
    ADD CONSTRAINT form_commercialoffer_customer_id_5ae9bf2a_fk_form_cust FOREIGN KEY (customer_id) REFERENCES public.form_customer(company) DEFERRABLE INITIALLY DEFERRED;


--
-- Name: form_commercialoffer form_commercialoffer_expert_id_6ebcbf8f_fk_form_expert_id; Type: FK CONSTRAINT; Schema: public; Owner: django
--

ALTER TABLE ONLY public.form_commercialoffer
    ADD CONSTRAINT form_commercialoffer_expert_id_6ebcbf8f_fk_form_expert_id FOREIGN KEY (expert_id) REFERENCES public.form_expert(id) DEFERRABLE INITIALLY DEFERRED;


--
-- Name: form_commercialoffer form_commercialoffer_inquiry_id_b35a8eab_fk_form_inqu; Type: FK CONSTRAINT; Schema: public; Owner: django
--

ALTER TABLE ONLY public.form_commercialoffer
    ADD CONSTRAINT form_commercialoffer_inquiry_id_b35a8eab_fk_form_inqu FOREIGN KEY (inquiry_id) REFERENCES public.form_inquiry(inquiry_number) DEFERRABLE INITIALLY DEFERRED;


--
-- Name: form_customclearance form_customclearance_inquiry_id_3ec57f67_fk_form_inqu; Type: FK CONSTRAINT; Schema: public; Owner: django
--

ALTER TABLE ONLY public.form_customclearance
    ADD CONSTRAINT form_customclearance_inquiry_id_3ec57f67_fk_form_inqu FOREIGN KEY (inquiry_id) REFERENCES public.form_inquiry(inquiry_number) DEFERRABLE INITIALLY DEFERRED;


--
-- Name: form_expert form_expert_customer_id_9b5257a4_fk_form_customer_company; Type: FK CONSTRAINT; Schema: public; Owner: django
--

ALTER TABLE ONLY public.form_expert
    ADD CONSTRAINT form_expert_customer_id_9b5257a4_fk_form_customer_company FOREIGN KEY (customer_id) REFERENCES public.form_customer(company) DEFERRABLE INITIALLY DEFERRED;


--
-- Name: form_financialreportforeign form_financialreport_customer_id_bd33354a_fk_form_cust; Type: FK CONSTRAINT; Schema: public; Owner: django
--

ALTER TABLE ONLY public.form_financialreportforeign
    ADD CONSTRAINT form_financialreport_customer_id_bd33354a_fk_form_cust FOREIGN KEY (customer_id) REFERENCES public.form_customer(company) DEFERRABLE INITIALLY DEFERRED;


--
-- Name: form_financialreportirr form_financialreport_customer_id_d70619a9_fk_form_cust; Type: FK CONSTRAINT; Schema: public; Owner: django
--

ALTER TABLE ONLY public.form_financialreportirr
    ADD CONSTRAINT form_financialreport_customer_id_d70619a9_fk_form_cust FOREIGN KEY (customer_id) REFERENCES public.form_customer(company) DEFERRABLE INITIALLY DEFERRED;


--
-- Name: form_financialreportirr form_financialreport_inquiry_id_48131e18_fk_form_inqu; Type: FK CONSTRAINT; Schema: public; Owner: django
--

ALTER TABLE ONLY public.form_financialreportirr
    ADD CONSTRAINT form_financialreport_inquiry_id_48131e18_fk_form_inqu FOREIGN KEY (inquiry_id) REFERENCES public.form_inquiry(inquiry_number) DEFERRABLE INITIALLY DEFERRED;


--
-- Name: form_financialreportforeign form_financialreport_inquiry_id_d02c3b97_fk_form_inqu; Type: FK CONSTRAINT; Schema: public; Owner: django
--

ALTER TABLE ONLY public.form_financialreportforeign
    ADD CONSTRAINT form_financialreport_inquiry_id_d02c3b97_fk_form_inqu FOREIGN KEY (inquiry_id) REFERENCES public.form_inquiry(inquiry_number) DEFERRABLE INITIALLY DEFERRED;


--
-- Name: form_financialreportforeign form_financialreport_purchase_order_id_053c3629_fk_form_purc; Type: FK CONSTRAINT; Schema: public; Owner: django
--

ALTER TABLE ONLY public.form_financialreportforeign
    ADD CONSTRAINT form_financialreport_purchase_order_id_053c3629_fk_form_purc FOREIGN KEY (purchase_order_id) REFERENCES public.form_purchaseorder(purchase_order_number) DEFERRABLE INITIALLY DEFERRED;


--
-- Name: form_financialreportirr form_financialreport_purchase_order_id_4b39c59c_fk_form_purc; Type: FK CONSTRAINT; Schema: public; Owner: django
--

ALTER TABLE ONLY public.form_financialreportirr
    ADD CONSTRAINT form_financialreport_purchase_order_id_4b39c59c_fk_form_purc FOREIGN KEY (purchase_order_id) REFERENCES public.form_purchaseorder(purchase_order_number) DEFERRABLE INITIALLY DEFERRED;


--
-- Name: form_forwarderpayment form_forwarderpaymen_forwarder_name_id_4a0399c9_fk_form_forw; Type: FK CONSTRAINT; Schema: public; Owner: django
--

ALTER TABLE ONLY public.form_forwarderpayment
    ADD CONSTRAINT form_forwarderpaymen_forwarder_name_id_4a0399c9_fk_form_forw FOREIGN KEY (forwarder_name_id) REFERENCES public.form_forwarder(company_name) DEFERRABLE INITIALLY DEFERRED;


--
-- Name: form_forwarderpayment form_forwarderpaymen_inquiry_id_70035bd9_fk_form_inqu; Type: FK CONSTRAINT; Schema: public; Owner: django
--

ALTER TABLE ONLY public.form_forwarderpayment
    ADD CONSTRAINT form_forwarderpaymen_inquiry_id_70035bd9_fk_form_inqu FOREIGN KEY (inquiry_id) REFERENCES public.form_inquiry(inquiry_number) DEFERRABLE INITIALLY DEFERRED;


--
-- Name: form_inquiry form_inquiry_customer_id_3c81b91b_fk_form_customer_company; Type: FK CONSTRAINT; Schema: public; Owner: django
--

ALTER TABLE ONLY public.form_inquiry
    ADD CONSTRAINT form_inquiry_customer_id_3c81b91b_fk_form_customer_company FOREIGN KEY (customer_id) REFERENCES public.form_customer(company) DEFERRABLE INITIALLY DEFERRED;


--
-- Name: form_inquiry form_inquiry_expert_id_c639d753_fk_form_expert_id; Type: FK CONSTRAINT; Schema: public; Owner: django
--

ALTER TABLE ONLY public.form_inquiry
    ADD CONSTRAINT form_inquiry_expert_id_c639d753_fk_form_expert_id FOREIGN KEY (expert_id) REFERENCES public.form_expert(id) DEFERRABLE INITIALLY DEFERRED;


--
-- Name: form_orderregistration_inquiries form_orderregistrati_inquiry_id_ce94d0ff_fk_form_inqu; Type: FK CONSTRAINT; Schema: public; Owner: django
--

ALTER TABLE ONLY public.form_orderregistration_inquiries
    ADD CONSTRAINT form_orderregistrati_inquiry_id_ce94d0ff_fk_form_inqu FOREIGN KEY (inquiry_id) REFERENCES public.form_inquiry(inquiry_number) DEFERRABLE INITIALLY DEFERRED;


--
-- Name: form_orderregistration_inquiries form_orderregistrati_orderregistration_id_39de97cb_fk_form_orde; Type: FK CONSTRAINT; Schema: public; Owner: django
--

ALTER TABLE ONLY public.form_orderregistration_inquiries
    ADD CONSTRAINT form_orderregistrati_orderregistration_id_39de97cb_fk_form_orde FOREIGN KEY (orderregistration_id) REFERENCES public.form_orderregistration(registration_number) DEFERRABLE INITIALLY DEFERRED;


--
-- Name: form_purchaseorder form_purchaseorder_customer_id_5089f6f8_fk_form_cust; Type: FK CONSTRAINT; Schema: public; Owner: django
--

ALTER TABLE ONLY public.form_purchaseorder
    ADD CONSTRAINT form_purchaseorder_customer_id_5089f6f8_fk_form_cust FOREIGN KEY (customer_id) REFERENCES public.form_customer(company) DEFERRABLE INITIALLY DEFERRED;


--
-- Name: form_purchaseorder form_purchaseorder_expert_id_939737ab_fk_form_expert_id; Type: FK CONSTRAINT; Schema: public; Owner: django
--

ALTER TABLE ONLY public.form_purchaseorder
    ADD CONSTRAINT form_purchaseorder_expert_id_939737ab_fk_form_expert_id FOREIGN KEY (expert_id) REFERENCES public.form_expert(id) DEFERRABLE INITIALLY DEFERRED;


--
-- Name: form_purchaseorder form_purchaseorder_inquiry_id_2d53d62c_fk_form_inqu; Type: FK CONSTRAINT; Schema: public; Owner: django
--

ALTER TABLE ONLY public.form_purchaseorder
    ADD CONSTRAINT form_purchaseorder_inquiry_id_2d53d62c_fk_form_inqu FOREIGN KEY (inquiry_id) REFERENCES public.form_inquiry(inquiry_number) DEFERRABLE INITIALLY DEFERRED;


--
-- Name: form_purchaseorder form_purchaseorder_supplier_id_686db4d2_fk_form_supp; Type: FK CONSTRAINT; Schema: public; Owner: django
--

ALTER TABLE ONLY public.form_purchaseorder
    ADD CONSTRAINT form_purchaseorder_supplier_id_686db4d2_fk_form_supp FOREIGN KEY (supplier_id) REFERENCES public.form_supplier(company_name) DEFERRABLE INITIALLY DEFERRED;


--
-- Name: form_quotation form_quotation_customer_id_79a26fe0_fk_form_customer_company; Type: FK CONSTRAINT; Schema: public; Owner: django
--

ALTER TABLE ONLY public.form_quotation
    ADD CONSTRAINT form_quotation_customer_id_79a26fe0_fk_form_customer_company FOREIGN KEY (customer_id) REFERENCES public.form_customer(company) DEFERRABLE INITIALLY DEFERRED;


--
-- Name: form_quotation form_quotation_inquiry_id_d8bcbaa9_fk_form_inqu; Type: FK CONSTRAINT; Schema: public; Owner: django
--

ALTER TABLE ONLY public.form_quotation
    ADD CONSTRAINT form_quotation_inquiry_id_d8bcbaa9_fk_form_inqu FOREIGN KEY (inquiry_id) REFERENCES public.form_inquiry(inquiry_number) DEFERRABLE INITIALLY DEFERRED;


--
-- Name: form_quotation form_quotation_request_id_id_4ddbae75_fk_form_requ; Type: FK CONSTRAINT; Schema: public; Owner: django
--

ALTER TABLE ONLY public.form_quotation
    ADD CONSTRAINT form_quotation_request_id_id_4ddbae75_fk_form_requ FOREIGN KEY (request_id_id) REFERENCES public.form_requesttoquotation(request_number) DEFERRABLE INITIALLY DEFERRED;


--
-- Name: form_quotation form_quotation_supplier_id_a9746f98_fk_form_supp; Type: FK CONSTRAINT; Schema: public; Owner: django
--

ALTER TABLE ONLY public.form_quotation
    ADD CONSTRAINT form_quotation_supplier_id_a9746f98_fk_form_supp FOREIGN KEY (supplier_id) REFERENCES public.form_supplier(company_name) DEFERRABLE INITIALLY DEFERRED;


--
-- Name: form_requesttoquotation form_requesttoquotat_inquiry_id_87bfab93_fk_form_inqu; Type: FK CONSTRAINT; Schema: public; Owner: django
--

ALTER TABLE ONLY public.form_requesttoquotation
    ADD CONSTRAINT form_requesttoquotat_inquiry_id_87bfab93_fk_form_inqu FOREIGN KEY (inquiry_id) REFERENCES public.form_inquiry(inquiry_number) DEFERRABLE INITIALLY DEFERRED;


--
-- Name: form_requesttoquotation form_requesttoquotat_supplier_id_cebb2804_fk_form_supp; Type: FK CONSTRAINT; Schema: public; Owner: django
--

ALTER TABLE ONLY public.form_requesttoquotation
    ADD CONSTRAINT form_requesttoquotat_supplier_id_cebb2804_fk_form_supp FOREIGN KEY (supplier_id) REFERENCES public.form_supplier(company_name) DEFERRABLE INITIALLY DEFERRED;


--
-- Name: form_shipping form_shipping_forwarder_name_id_6922fdef_fk_form_forw; Type: FK CONSTRAINT; Schema: public; Owner: django
--

ALTER TABLE ONLY public.form_shipping
    ADD CONSTRAINT form_shipping_forwarder_name_id_6922fdef_fk_form_forw FOREIGN KEY (forwarder_name_id) REFERENCES public.form_forwarder(company_name) DEFERRABLE INITIALLY DEFERRED;


--
-- Name: form_shipping form_shipping_inquiry_id_776daa18_fk_form_inqu; Type: FK CONSTRAINT; Schema: public; Owner: django
--

ALTER TABLE ONLY public.form_shipping
    ADD CONSTRAINT form_shipping_inquiry_id_776daa18_fk_form_inqu FOREIGN KEY (inquiry_id) REFERENCES public.form_inquiry(inquiry_number) DEFERRABLE INITIALLY DEFERRED;


--
-- Name: form_technicaloffer form_technicaloffer_customer_id_d439c6fe_fk_form_cust; Type: FK CONSTRAINT; Schema: public; Owner: django
--

ALTER TABLE ONLY public.form_technicaloffer
    ADD CONSTRAINT form_technicaloffer_customer_id_d439c6fe_fk_form_cust FOREIGN KEY (customer_id) REFERENCES public.form_customer(company) DEFERRABLE INITIALLY DEFERRED;


--
-- Name: form_technicaloffer form_technicaloffer_expert_id_ec35db2c_fk_form_expert_id; Type: FK CONSTRAINT; Schema: public; Owner: django
--

ALTER TABLE ONLY public.form_technicaloffer
    ADD CONSTRAINT form_technicaloffer_expert_id_ec35db2c_fk_form_expert_id FOREIGN KEY (expert_id) REFERENCES public.form_expert(id) DEFERRABLE INITIALLY DEFERRED;


--
-- Name: form_technicaloffer form_technicaloffer_inquiry_id_6e5e1c31_fk_form_inqu; Type: FK CONSTRAINT; Schema: public; Owner: django
--

ALTER TABLE ONLY public.form_technicaloffer
    ADD CONSTRAINT form_technicaloffer_inquiry_id_6e5e1c31_fk_form_inqu FOREIGN KEY (inquiry_id) REFERENCES public.form_inquiry(inquiry_number) DEFERRABLE INITIALLY DEFERRED;


--
-- PostgreSQL database dump complete
--

